,G55413,G55414,G55415,G55416,G55417,G55418,G55419,G55421,G55422,G55423,G55424,G55425,G55426,G55427,G55428,G55429,G55430,G55431,G55432,G55433,G55435,G55436,G55438,G55439,G55440,G55441,G55442,G55443,G55444,G55445,G55446,G55447,G55448,G55449,G55450,G55451,G55452,G55453,G55454,G55455,G55457,G55458,G55459,G55460,G55461,G55462,G55463,G55464,G55465,G55466,G55467,G55468,G55469,G55470,G55471,G55472,G55473,G55474,G55475,G55476,G55477,G55478,G55479,G55480,G55481,G55482,G55484,G55485,G55486,G55487,G55488,G55489,G55490,G55491,G55492,G55494,G55495,G55496,G55497,G55498,G55500,G55501,G55502,G55504,G55505,G55506,G55507,G55508,G55509,G55510,G55511,G55512,G55513,G55514,G55515,G55516,G55517,G55518,G55519,G55521,G55522,G55523,G55524,G55525,G55526,G55527,G55528,G55529,G55530,G55531,G55533,G55534,G55535,G55536,G55537,G55538,G55539,G55540,G55541,G55542,G55543,G55544,G55545,G55546,G55547,G55548,G55549,G55550,G55551,G55552,G55553,G55554,G55555,G55556,G55557,G55558,G55559,G55560,G55561,G55563,G55565,G55566,reference,	
G55413,0,439,693,504,1780,473,1866,413,694,676,676,678,1796,430,294,1811,678,1817,1790,691,1779,448,429,735,601,466,520,1738,615,404,1857,413,1838,329,410,483,1752,681,603,1766,489,1723,466,546,1781,707,323,702,316,675,413,479,1832,447,498,408,371,1841,429,456,369,763,1936,1832,1994,326,736,2023,453,1845,732,435,709,551,462,544,432,458,1885,1788,698,614,1800,1814,649,1854,1863,393,324,732,447,1990,1840,437,1780,390,1833,431,677,675,1956,655,1814,1816,685,1822,1958,340,384,550,1853,1819,466,510,1819,493,359,1812,1865,333,1826,438,1724,1795,520,501,1832,660,1802,1820,1787,481,457,463,1855,1812,463,723,694,1792,453,641,1695
G55414,439,0,442,219,1765,190,1857,306,509,403,427,441,1779,159,393,1794,415,1790,1839,594,1820,587,288,476,392,185,309,1825,670,345,1808,392,1813,504,223,304,1825,412,624,1739,270,1812,205,339,1844,446,458,547,453,422,144,326,1805,194,275,503,478,1790,150,143,420,596,1929,1807,1931,323,539,1964,200,1876,543,238,482,330,231,291,147,347,1882,1833,587,583,1763,1789,432,1819,1822,318,505,513,172,1935,1893,390,1823,357,1858,150,460,466,1901,574,1781,1845,604,1793,1891,429,315,347,1834,1792,201,269,1802,214,350,1779,1868,352,1797,345,1743,1778,331,238,1807,463,1779,1803,1744,190,204,230,1814,1787,242,490,465,1743,232,764,1744
G55415,693,442,0,413,1763,422,1867,594,375,149,361,239,1773,455,681,1792,211,1798,1833,524,1814,591,554,166,608,455,593,1827,588,619,1808,698,1799,760,503,612,1827,368,448,1735,462,1816,459,599,1844,194,716,501,727,158,440,590,1789,442,527,739,756,1788,442,469,684,512,1923,1805,1921,617,343,1964,432,1874,505,456,348,538,447,613,463,587,1886,1839,539,583,1775,1785,358,1821,1816,550,767,377,464,1925,1891,616,1829,609,1858,454,414,194,1895,376,1785,1843,550,1783,1889,707,601,579,1838,1792,441,579,1798,454,634,1787,1860,616,1795,567,1749,1780,613,420,1809,619,1775,1803,1756,446,426,438,1802,1789,482,346,407,1751,470,712,1742
G55416,504,219,413,0,1800,223,1900,387,470,452,480,476,1816,230,464,1825,456,1825,1872,613,1851,624,347,455,341,218,374,1862,677,400,1847,447,1830,587,278,381,1862,435,669,1778,245,1849,234,386,1885,423,527,596,534,437,209,385,1824,215,304,558,577,1815,235,242,487,609,1956,1826,1960,406,580,2005,207,1917,516,241,441,321,218,390,240,388,1915,1870,626,594,1808,1818,461,1838,1863,339,582,462,249,1970,1924,417,1862,386,1899,223,427,429,1936,597,1810,1880,633,1812,1936,520,384,370,1865,1825,222,368,1833,239,439,1810,1901,427,1830,364,1784,1817,386,197,1840,502,1812,1838,1787,203,197,227,1851,1820,271,441,500,1794,235,799,1785
G55417,1780,1765,1763,1800,0,1769,694,1829,1804,1738,1732,1754,604,1756,1782,1035,1726,1049,766,1853,1075,1584,1841,1783,1935,1746,1898,1044,1719,1838,1207,1783,634,1649,1794,1869,1044,1755,1753,576,1801,1041,1762,1876,677,1763,1689,1850,1724,1751,1747,1881,1044,1799,1816,1634,1661,1185,1771,1786,1687,1853,1356,1056,1346,1786,1830,1365,1825,1231,1852,1795,1789,1877,1804,1890,1770,1792,1123,1074,1818,1768,1024,1042,1753,1082,1223,1809,1770,1812,1799,1338,720,1777,1060,1766,1225,1775,1781,1777,1298,1805,1032,1082,1819,1046,1300,1794,1818,1918,1087,1047,1816,1882,1041,1813,1769,1042,1125,1765,1038,1842,632,697,1912,1813,1058,1456,1022,1036,1137,1795,1795,1791,1197,1040,1789,1793,1764,1132,1773,1609,639
G55418,473,190,422,223,1769,0,1873,332,493,437,459,473,1773,221,427,1806,451,1808,1837,596,1832,591,344,430,370,261,341,1835,680,387,1818,428,1813,512,277,320,1839,464,632,1745,278,1816,261,379,1850,430,484,585,483,452,188,360,1811,196,325,541,520,1796,200,199,444,582,1941,1817,1939,361,565,1980,214,1880,501,236,442,328,219,329,211,377,1888,1837,611,589,1783,1793,480,1837,1836,298,529,475,224,1945,1899,412,1837,385,1864,204,438,440,1907,586,1791,1849,600,1799,1901,465,351,291,1848,1802,209,321,1810,218,374,1801,1880,382,1801,331,1755,1780,377,234,1819,495,1787,1809,1754,198,212,226,1820,1795,288,456,493,1773,260,770,1752
G55419,1866,1857,1867,1900,694,1873,0,1909,1904,1842,1830,1850,590,1860,1846,1155,1832,1153,846,1929,1147,1670,1937,1875,2011,1852,1988,1128,1809,1912,1297,1853,552,1723,1890,1947,1128,1849,1833,544,1903,1121,1866,1958,335,1865,1767,1912,1800,1859,1851,1945,1156,1891,1918,1710,1743,1275,1873,1882,1761,1939,1430,1164,1422,1870,1914,1469,1925,1315,1950,1907,1891,1971,1912,1972,1870,1886,1215,1148,1908,1864,1128,1152,1855,1190,1317,1893,1846,1926,1905,1438,676,1847,1142,1860,1309,1881,1889,1893,1392,1897,1146,1174,1909,1158,1392,1870,1898,2010,1161,1155,1918,1976,1165,1921,1851,1150,1225,1841,1142,1926,748,819,2004,1917,1166,1562,1138,1156,1241,1899,1901,1901,1305,1150,1899,1901,1876,1238,1887,1695,749
G55421,413,306,594,387,1829,332,1909,0,613,563,587,573,1839,315,401,1874,567,1880,1841,624,1854,583,370,620,472,347,393,1843,666,379,1884,386,1873,474,345,378,1855,570,650,1807,382,1824,355,435,1876,616,418,629,425,572,298,400,1901,350,421,483,458,1874,272,313,410,658,1983,1891,2035,351,657,2056,348,1914,637,346,600,466,359,383,295,413,1934,1863,677,613,1863,1875,568,1911,1912,368,489,627,300,2029,1933,426,1857,411,1898,284,594,580,1987,624,1877,1883,652,1879,1985,443,341,417,1916,1882,337,381,1886,348,372,1879,1928,370,1883,387,1813,1846,403,372,1897,599,1861,1881,1826,336,348,342,1890,1879,340,614,587,1847,314,754,1794
G55422,694,509,375,470,1804,493,1904,613,0,406,394,410,1818,492,686,1833,418,1841,1866,519,1865,588,559,407,609,492,604,1862,603,654,1853,709,1850,783,536,629,1868,413,589,1784,483,1851,496,626,1887,391,723,490,736,395,473,609,1852,449,568,772,779,1837,507,516,711,529,1960,1856,1978,626,522,1995,449,1899,532,463,339,577,462,622,482,610,1919,1872,564,604,1822,1832,365,1852,1861,559,778,400,469,1958,1934,653,1858,630,1889,483,455,343,1928,515,1822,1878,571,1840,1928,722,614,586,1865,1839,474,578,1827,485,657,1818,1901,629,1836,582,1798,1823,612,453,1842,674,1822,1838,1793,487,459,465,1841,1836,473,351,406,1796,483,709,1787
G55423,676,403,149,452,1738,437,1842,563,406,0,324,182,1754,394,630,1773,174,1777,1814,489,1811,546,519,169,607,396,582,1806,565,586,1787,657,1786,713,468,557,1812,325,399,1716,475,1801,414,546,1827,199,669,466,702,115,391,563,1776,443,486,688,705,1775,421,416,647,491,1910,1790,1912,578,290,1943,447,1845,520,471,363,529,466,552,418,536,1867,1816,488,544,1754,1768,335,1804,1797,539,716,394,437,1904,1872,577,1804,552,1837,417,431,213,1874,341,1764,1826,501,1768,1866,656,562,598,1813,1775,466,530,1779,483,587,1768,1849,569,1776,576,1734,1755,568,451,1790,602,1758,1782,1729,459,443,465,1785,1772,447,371,354,1722,447,665,1723
G55424,676,427,361,480,1732,459,1830,587,394,324,0,350,1740,422,646,1765,328,1759,1802,503,1795,560,537,399,629,428,582,1800,569,606,1779,657,1772,741,482,585,1800,343,537,1708,499,1791,430,574,1813,365,691,456,702,339,411,567,1772,463,512,714,729,1757,457,454,649,483,1906,1778,1910,586,454,1939,473,1833,548,485,367,551,488,580,430,554,1857,1802,494,566,1746,1754,339,1790,1787,557,728,406,461,1894,1870,587,1790,580,1825,427,459,379,1864,497,1756,1814,517,1754,1866,670,580,622,1797,1755,482,562,1767,499,603,1762,1835,587,1768,602,1718,1745,602,461,1776,614,1744,1774,1721,483,469,479,1783,1756,465,191,342,1726,465,517,1709
G55425,678,441,239,476,1754,473,1850,573,410,182,350,0,1764,418,638,1773,148,1787,1820,489,1815,550,509,257,617,426,572,1814,583,608,1797,643,1798,741,458,587,1812,343,391,1726,475,1799,440,570,1835,195,681,458,708,199,415,565,1790,461,486,714,715,1791,445,466,645,489,1920,1802,1928,580,278,1949,463,1861,528,467,373,543,464,574,426,548,1871,1826,492,562,1764,1774,345,1808,1809,563,730,396,431,1918,1878,589,1812,572,1847,431,449,187,1884,321,1772,1832,507,1788,1878,668,570,602,1813,1783,466,530,1783,489,591,1774,1859,579,1778,588,1746,1769,572,459,1794,616,1766,1782,1739,473,453,465,1795,1780,439,385,356,1748,439,677,1733
G55426,1796,1779,1773,1816,604,1773,590,1839,1818,1754,1740,1764,0,1764,1786,1061,1742,1067,786,1867,1101,1610,1849,1791,1939,1756,1906,1070,1735,1848,1225,1793,532,1661,1804,1873,1068,1765,1771,472,1809,1065,1766,1884,597,1775,1701,1854,1742,1765,1761,1883,1056,1809,1822,1650,1673,1183,1785,1794,1693,1855,1382,1090,1358,1796,1846,1359,1837,1245,1856,1805,1797,1889,1814,1904,1784,1806,1149,1092,1828,1792,1056,1070,1763,1102,1225,1829,1792,1826,1815,1344,624,1785,1090,1788,1241,1789,1795,1795,1294,1829,1058,1110,1831,1068,1312,1814,1830,1922,1083,1075,1828,1894,1067,1825,1787,1058,1155,1777,1066,1858,658,719,1914,1825,1082,1482,1054,1062,1157,1803,1811,1809,1205,1068,1805,1797,1778,1148,1793,1633,669
G55427,430,159,455,230,1756,221,1860,315,492,394,422,418,1764,0,382,1771,408,1781,1826,573,1813,568,247,479,369,184,318,1826,667,320,1801,407,1796,479,180,321,1826,409,607,1730,245,1811,204,332,1843,453,443,544,474,419,123,299,1798,185,240,494,493,1779,167,186,417,553,1928,1798,1928,312,534,1937,167,1863,510,191,445,321,182,306,132,322,1873,1832,572,550,1764,1770,411,1802,1805,293,476,476,173,1916,1892,363,1820,336,1855,157,425,441,1876,555,1762,1840,587,1770,1882,426,320,336,1809,1779,196,260,1781,207,345,1768,1867,321,1776,320,1738,1765,286,213,1790,446,1770,1776,1731,197,153,187,1787,1774,207,451,420,1746,191,753,1743
G55428,294,393,681,464,1782,427,1846,401,686,630,646,638,1786,382,0,1809,648,1829,1800,655,1795,462,423,673,515,420,500,1752,639,388,1839,377,1834,365,378,431,1762,641,575,1766,447,1729,422,486,1779,677,331,636,316,641,371,459,1850,409,436,396,383,1827,415,416,355,713,1932,1842,1982,274,702,2013,425,1847,692,431,685,533,440,488,382,414,1883,1792,662,574,1808,1816,615,1842,1861,381,364,712,423,1980,1844,381,1790,362,1833,411,653,659,1938,633,1810,1824,649,1832,1946,330,400,508,1847,1827,434,468,1821,467,343,1806,1887,289,1810,424,1742,1795,476,465,1828,630,1814,1816,1785,441,421,425,1841,1822,429,693,638,1806,411,655,1709
G55429,1811,1794,1792,1825,1035,1806,1155,1874,1833,1773,1765,1773,1061,1771,1809,0,1761,132,1125,1868,220,1649,1846,1828,1964,1773,1909,283,1776,1863,1234,1828,1093,1722,1787,1902,285,1768,1814,1033,1804,256,1783,1915,1118,1792,1752,1869,1791,1786,1768,1902,523,1828,1823,1705,1728,1222,1796,1801,1758,1884,1373,145,1383,1823,1865,1392,1826,1268,1873,1786,1806,1908,1815,1925,1779,1819,268,219,1853,1807,103,93,1770,139,1224,1832,1827,1823,1800,1337,1175,1814,353,1807,1258,1792,1786,1782,1299,1844,219,217,1860,119,1331,1823,1847,1937,134,118,1819,1893,100,1818,1818,139,214,1804,253,1877,1021,1046,1919,1818,121,1463,101,101,1172,1810,1802,1794,1202,121,1794,1798,1783,1157,1796,1706,1024
G55430,678,415,211,456,1726,451,1832,567,418,174,328,148,1742,408,648,1761,0,1769,1796,519,1795,546,535,253,627,404,592,1794,577,614,1779,653,1770,731,474,581,1792,333,375,1700,485,1781,436,584,1807,177,681,478,712,185,393,571,1772,465,506,710,719,1759,435,450,643,495,1886,1786,1902,580,276,1923,465,1827,556,485,393,553,478,580,420,554,1857,1806,490,566,1752,1760,367,1800,1791,561,730,406,459,1900,1856,585,1792,576,1821,437,465,181,1856,335,1756,1814,511,1756,1862,670,576,624,1809,1767,474,558,1773,497,589,1762,1837,579,1770,592,1714,1745,608,459,1782,602,1748,1774,1719,485,463,477,1771,1762,459,391,370,1722,467,667,1707
G55431,1817,1790,1798,1825,1049,1808,1153,1880,1841,1777,1759,1787,1067,1781,1829,132,1769,0,1135,1880,226,1653,1866,1826,1966,1769,1921,299,1784,1863,1228,1832,1103,1736,1805,1916,299,1766,1814,1049,1818,278,1791,1903,1130,1794,1764,1883,1793,1784,1772,1906,491,1826,1849,1715,1736,1214,1804,1801,1754,1892,1369,125,1375,1831,1869,1414,1846,1270,1887,1814,1816,1910,1833,1921,1797,1825,280,233,1855,1815,77,107,1790,127,1244,1832,1831,1845,1822,1355,1187,1810,359,1807,1254,1798,1800,1806,1325,1842,241,237,1864,95,1341,1825,1849,1963,156,78,1833,1909,112,1832,1826,149,212,1810,259,1875,1035,1058,1935,1836,151,1481,81,137,1160,1826,1824,1814,1226,97,1816,1818,1805,1151,1818,1704,1038
G55432,1790,1839,1833,1872,766,1837,846,1841,1866,1814,1802,1820,786,1826,1800,1125,1796,1135,0,1875,1089,1598,1893,1853,1973,1818,1948,1062,1741,1852,1271,1797,820,1661,1860,1895,1066,1817,1781,756,1877,1059,1826,1918,799,1835,1695,1870,1740,1827,1821,1917,1118,1859,1890,1654,1669,1255,1831,1852,1699,1901,1384,1144,1414,1810,1886,1435,1895,1271,1918,1875,1869,1929,1880,1938,1850,1836,1179,1094,1856,1808,1110,1132,1825,1168,1295,1847,1794,1884,1873,1414,864,1801,1080,1802,1255,1855,1859,1857,1366,1843,1124,1116,1843,1126,1374,1822,1842,1966,1171,1137,1888,1944,1137,1887,1803,1126,1181,1793,1130,1884,744,199,1960,1893,1146,1536,1112,1130,1207,1869,1873,1873,1281,1132,1865,1869,1840,1212,1853,1647,739
G55433,691,594,524,613,1853,596,1929,624,519,489,503,489,1867,573,655,1868,519,1880,1875,0,1872,585,608,546,704,585,685,1877,624,627,1906,688,1897,772,585,650,1887,296,604,1835,600,1864,585,647,1912,536,712,531,725,498,566,648,1893,608,621,755,762,1888,576,595,680,580,1983,1895,2025,603,567,2052,604,1932,635,602,510,698,605,665,581,653,1960,1875,621,621,1859,1869,470,1895,1906,642,763,539,576,2003,1971,662,1879,635,1914,574,588,494,1981,556,1865,1909,592,1881,1975,701,639,701,1902,1874,605,635,1876,624,648,1863,1940,646,1871,675,1859,1864,651,594,1877,763,1865,1879,1842,628,596,602,1904,1867,572,530,497,1861,554,732,1836
G55435,1779,1820,1814,1851,1075,1832,1147,1854,1865,1811,1795,1815,1101,1813,1795,220,1795,226,1089,1872,0,1613,1890,1852,1960,1807,1921,221,1744,1835,1262,1782,1123,1680,1845,1900,233,1794,1784,1067,1864,218,1817,1911,1100,1820,1700,1875,1745,1808,1806,1904,567,1852,1871,1669,1694,1246,1822,1827,1720,1902,1351,237,1423,1807,1873,1452,1880,1260,1921,1860,1858,1922,1869,1941,1829,1813,324,191,1847,1805,193,217,1828,251,1282,1820,1803,1875,1862,1407,1155,1782,333,1799,1250,1844,1850,1846,1373,1844,337,233,1854,209,1385,1801,1829,1973,270,226,1871,1935,234,1876,1802,259,266,1782,357,1875,1045,1084,1953,1870,237,1511,209,233,1200,1848,1856,1854,1274,229,1856,1854,1833,1191,1848,1668,1040
G55436,448,587,591,624,1584,591,1670,583,588,546,560,550,1610,568,462,1649,546,1653,1598,585,1613,0,601,581,675,570,680,1562,495,570,1675,557,1646,413,596,617,1574,549,407,1578,603,1547,570,652,1583,583,475,570,438,539,557,629,1648,597,614,442,517,1655,595,584,501,641,1772,1660,1818,492,600,1849,611,1667,646,597,585,671,634,656,576,536,1715,1616,550,500,1640,1652,531,1690,1695,527,462,610,589,1822,1644,503,1602,498,1663,601,601,571,1774,529,1650,1650,551,1650,1780,494,536,696,1689,1655,624,662,1659,607,505,1648,1713,467,1650,580,1538,1599,690,615,1668,636,1638,1656,1607,593,621,589,1677,1654,579,597,544,1622,567,435,1499
G55438,429,288,554,347,1841,344,1937,370,559,519,537,509,1849,247,423,1846,535,1866,1893,608,1890,601,0,594,468,303,399,1887,718,391,1890,486,1887,536,225,416,1889,522,668,1815,268,1872,323,435,1922,564,494,605,497,530,266,350,1895,306,297,551,548,1878,278,319,462,626,2017,1887,2021,369,593,2028,264,1938,537,228,534,420,263,385,259,371,1948,1899,617,585,1851,1851,484,1885,1896,324,511,547,258,2001,1961,448,1891,377,1924,248,494,518,1963,582,1853,1919,640,1871,1973,459,327,375,1884,1864,287,331,1858,306,390,1845,1942,358,1861,363,1825,1846,347,314,1869,537,1853,1853,1828,318,254,272,1876,1853,272,548,507,1841,272,790,1830
G55439,735,476,166,455,1783,430,1875,620,407,169,399,257,1791,479,673,1828,253,1826,1853,546,1852,581,594,0,604,475,629,1855,628,665,1822,700,1829,758,537,602,1855,390,434,1761,486,1842,485,599,1862,206,734,511,743,178,462,620,1819,454,547,757,784,1804,496,473,692,522,1943,1835,1957,629,351,1994,464,1884,525,486,376,558,473,609,481,595,1906,1851,553,599,1803,1815,404,1855,1850,542,765,415,508,1953,1911,614,1851,609,1874,494,464,226,1917,384,1805,1865,546,1823,1907,709,619,605,1866,1826,495,611,1830,500,640,1817,1902,618,1815,577,1777,1800,641,458,1837,669,1809,1831,1770,484,470,470,1830,1821,514,376,427,1797,504,702,1764
G55440,601,392,608,341,1935,370,2011,472,609,607,629,617,1939,369,515,1964,627,1966,1973,704,1960,675,468,604,0,397,485,1971,816,503,1988,566,1983,646,439,480,1987,622,712,1915,396,1952,407,463,2002,608,598,671,607,610,382,470,1989,344,429,647,662,1964,408,391,566,710,2077,1977,2123,477,695,2136,364,2012,635,364,580,464,383,473,375,451,2032,1965,715,681,1945,1955,612,1983,1998,404,627,645,386,2097,2033,468,1965,441,1996,406,596,588,2065,696,1947,1983,720,1969,2055,559,487,469,1992,1964,379,459,1960,398,500,1951,2030,460,1961,437,1921,1950,491,356,1967,659,1953,1961,1918,388,376,350,1978,1957,396,604,615,1943,340,866,1924
G55441,466,185,455,218,1746,261,1852,347,492,396,428,426,1756,184,420,1773,404,1769,1818,585,1807,570,303,475,397,0,356,1810,645,384,1793,421,1780,527,244,349,1814,385,619,1724,267,1803,178,348,1829,435,473,544,500,401,179,359,1782,225,282,506,521,1763,209,216,445,579,1918,1770,1918,346,538,1941,237,1853,516,267,451,303,268,352,196,332,1867,1818,562,554,1756,1774,421,1790,1811,349,520,488,233,1924,1874,345,1808,356,1847,201,441,453,1880,565,1772,1822,589,1764,1878,464,356,390,1811,1775,250,328,1781,269,385,1768,1851,375,1784,378,1736,1765,360,237,1792,452,1760,1778,1737,239,243,253,1791,1772,231,471,444,1742,235,747,1731
G55442,520,309,593,374,1898,341,1988,393,604,582,582,572,1906,318,500,1909,592,1921,1948,685,1921,680,399,629,485,356,0,1940,779,440,1947,487,1944,615,342,409,1938,589,731,1872,403,1919,358,446,1975,623,549,668,532,561,315,411,1932,341,426,628,597,1929,297,288,541,661,2048,1940,2080,436,662,2103,327,1985,648,333,591,481,338,422,290,440,2001,1946,704,648,1902,1908,559,1942,1955,407,592,634,281,2058,2004,475,1936,466,1979,293,589,585,2022,657,1904,1952,711,1916,2030,516,402,408,1955,1919,328,372,1927,331,443,1900,1977,445,1928,430,1882,1913,410,357,1922,620,1898,1928,1889,321,323,327,1947,1918,345,591,588,1894,333,867,1883
G55443,1738,1825,1827,1862,1044,1835,1128,1843,1862,1806,1800,1814,1070,1826,1752,283,1794,299,1062,1877,221,1562,1887,1855,1971,1810,1940,0,1697,1846,1255,1759,1098,1597,1844,1893,140,1807,1747,1042,1863,177,1818,1916,1009,1827,1673,1878,1682,1815,1805,1911,610,1857,1866,1596,1623,1239,1821,1836,1687,1905,1364,300,1414,1808,1884,1437,1883,1241,1920,1857,1859,1929,1872,1946,1836,1818,369,226,1846,1802,270,288,1825,322,1283,1829,1748,1872,1867,1400,1100,1791,322,1796,1233,1843,1849,1845,1366,1845,394,274,1847,290,1366,1762,1830,1968,323,285,1874,1938,291,1885,1797,320,329,1785,410,1880,988,1065,1960,1877,300,1510,270,286,1197,1855,1863,1855,1255,288,1853,1857,1830,1190,1843,1593,953
G55444,615,670,588,677,1719,680,1809,666,603,565,569,583,1735,667,639,1776,577,1784,1741,624,1744,495,718,628,816,645,779,1697,0,681,1816,612,1763,600,707,728,1707,564,592,1711,702,1692,639,765,1726,580,622,625,601,552,644,744,1775,690,729,613,634,1796,650,675,624,678,1911,1791,1953,645,657,1980,702,1832,747,706,454,742,709,793,681,697,1852,1761,655,645,1769,1783,548,1801,1834,676,665,629,684,1951,1793,648,1753,667,1814,666,678,582,1913,604,1773,1789,640,1769,1919,669,691,807,1818,1788,711,767,1788,722,686,1781,1832,654,1789,723,1671,1742,781,702,1795,755,1769,1793,1764,698,698,692,1824,1783,680,606,591,1747,678,532,1638
G55445,404,345,619,400,1838,387,1912,379,654,586,606,608,1848,320,388,1863,614,1863,1852,627,1835,570,391,665,503,384,440,1846,681,0,1881,415,1884,481,360,427,1854,599,631,1816,431,1825,372,456,1889,631,465,646,460,597,311,391,1876,373,434,502,527,1863,341,366,445,701,1968,1876,2018,294,652,2043,375,1907,660,387,643,495,382,472,360,418,1929,1844,686,614,1846,1854,575,1892,1901,383,496,664,357,2020,1936,431,1840,400,1893,347,607,619,1982,623,1860,1870,651,1858,1986,440,354,492,1903,1865,390,434,1873,367,385,1856,1917,379,1874,412,1826,1859,440,409,1878,578,1846,1874,1813,361,367,377,1891,1862,401,643,626,1830,375,747,1817
G55446,1857,1808,1808,1847,1207,1818,1297,1884,1853,1787,1779,1797,1225,1801,1839,1234,1779,1228,1271,1906,1262,1675,1890,1822,1988,1793,1947,1255,1816,1881,0,1864,1249,1754,1831,1912,1247,1796,1832,1187,1844,1238,1801,1931,1268,1806,1778,1903,1815,1792,1792,1928,1237,1846,1853,1739,1762,470,1824,1829,1774,1896,1393,1219,1377,1851,1877,1430,1864,612,1899,1846,1838,1916,1855,1935,1825,1861,1306,1263,1875,1833,1211,1219,1808,1261,1274,1868,1867,1867,1854,1389,1335,1832,1265,1835,596,1830,1824,1832,1351,1868,1235,1269,1884,1231,1351,1871,1879,1973,1262,1226,1861,1927,1230,1866,1848,1223,1306,1842,1237,1897,1189,1220,1961,1864,1251,1529,1211,1219,322,1838,1848,1844,504,1229,1840,1842,1821,963,1836,1740,1174
G55447,413,392,698,447,1783,428,1853,386,709,657,657,643,1793,407,377,1828,653,1832,1797,688,1782,557,486,700,566,421,487,1759,612,415,1864,0,1811,406,443,440,1775,622,682,1769,498,1752,419,523,1800,664,336,677,337,636,392,504,1823,430,479,425,356,1822,406,401,348,762,1927,1833,1993,325,727,2032,454,1874,749,456,700,532,465,485,393,475,1892,1807,735,663,1817,1827,668,1839,1880,434,435,711,426,1989,1877,466,1789,455,1866,404,692,680,1959,692,1815,1839,712,1817,1965,431,417,537,1866,1834,443,493,1842,456,388,1827,1892,444,1831,483,1759,1802,521,484,1839,659,1821,1845,1792,430,454,450,1874,1831,456,710,657,1815,442,676,1730
G55448,1838,1813,1799,1830,634,1813,552,1873,1850,1786,1772,1798,532,1796,1834,1093,1770,1103,820,1897,1123,1646,1887,1829,1983,1780,1944,1098,1763,1884,1249,1811,0,1701,1836,1899,1092,1773,1805,492,1847,1089,1782,1928,579,1783,1737,1900,1778,1777,1795,1925,1074,1847,1858,1686,1711,1205,1815,1830,1733,1901,1420,1088,1358,1836,1870,1385,1873,1295,1894,1847,1837,1911,1848,1936,1822,1850,1165,1122,1870,1824,1082,1094,1803,1114,1281,1865,1830,1848,1847,1356,658,1811,1118,1824,1283,1825,1825,1829,1308,1855,1100,1124,1873,1074,1324,1846,1866,1962,1109,1099,1864,1932,1099,1861,1827,1094,1173,1813,1094,1896,686,767,1958,1863,1112,1502,1080,1092,1189,1823,1845,1841,1253,1090,1839,1835,1816,1186,1831,1669,691
G55449,329,504,760,587,1649,512,1723,474,783,713,741,741,1661,479,365,1722,731,1736,1661,772,1680,413,536,758,646,527,615,1597,600,481,1754,406,1701,0,519,520,1607,734,612,1629,582,1602,523,617,1624,760,256,767,287,722,472,560,1729,510,581,259,316,1738,502,497,320,826,1859,1747,1897,403,793,1930,526,1752,803,512,758,640,545,601,507,505,1788,1685,751,679,1713,1725,726,1767,1776,454,291,803,526,1901,1703,478,1681,459,1746,518,772,762,1851,748,1719,1717,756,1729,1857,405,477,635,1766,1734,563,601,1736,536,440,1727,1784,402,1725,519,1577,1666,603,568,1739,647,1715,1729,1688,520,538,512,1762,1727,554,782,749,1693,528,502,1530
G55450,410,223,503,278,1794,277,1890,345,536,468,482,458,1804,180,378,1787,474,1805,1860,585,1845,596,225,537,439,244,342,1844,707,360,1831,443,1836,519,0,371,1846,459,635,1766,219,1829,268,396,1871,507,475,590,446,471,191,319,1836,251,224,544,511,1817,221,268,433,587,1970,1828,1962,338,548,1983,197,1899,504,169,475,381,208,352,184,342,1897,1854,592,552,1790,1792,427,1828,1845,317,462,496,201,1944,1924,403,1848,356,1881,181,433,465,1914,543,1782,1864,597,1812,1912,424,316,330,1823,1801,224,286,1803,225,363,1792,1891,337,1798,340,1778,1799,312,245,1806,504,1790,1792,1777,251,193,217,1821,1798,229,487,462,1792,205,773,1779
G55451,483,304,612,381,1869,320,1947,378,629,557,585,587,1873,321,431,1902,581,1916,1895,650,1900,617,416,602,480,349,409,1893,728,427,1912,440,1899,520,371,0,1897,560,678,1847,428,1866,351,441,1920,592,482,639,495,562,314,416,1903,346,419,563,540,1880,314,299,466,698,2017,1909,2057,387,649,2082,366,1942,671,360,628,470,375,401,325,431,1958,1895,699,651,1893,1903,582,1931,1942,390,541,647,336,2051,1967,422,1889,425,1934,318,618,614,2011,664,1895,1913,670,1891,2001,459,373,453,1948,1918,361,411,1916,380,400,1899,1962,406,1909,431,1857,1888,437,396,1919,621,1887,1911,1848,330,368,384,1922,1911,390,634,601,1873,368,816,1852
G55452,1752,1825,1827,1862,1044,1839,1128,1855,1868,1812,1800,1812,1068,1826,1762,285,1792,299,1066,1887,233,1574,1889,1855,1987,1814,1938,140,1707,1854,1247,1775,1092,1607,1846,1897,0,1811,1755,1038,1867,185,1820,1930,999,1829,1677,1888,1694,1819,1805,1915,602,1861,1870,1594,1617,1245,1829,1836,1689,1913,1370,326,1414,1818,1882,1437,1887,1249,1926,1859,1863,1931,1874,1952,1840,1824,381,254,1846,1808,276,274,1825,334,1287,1835,1764,1876,1869,1398,1104,1805,346,1804,1237,1847,1851,1849,1360,1849,400,300,1857,300,1366,1774,1836,1982,343,293,1876,1944,307,1885,1805,326,331,1793,414,1884,982,1061,1962,1879,312,1510,274,304,1197,1863,1863,1857,1255,302,1859,1863,1838,1182,1855,1597,947
G55453,681,412,368,435,1755,464,1849,570,413,325,343,343,1765,409,641,1768,333,1766,1817,296,1794,549,522,390,622,385,589,1807,564,599,1796,622,1773,734,459,560,1811,0,532,1729,480,1800,411,571,1834,328,682,469,711,312,382,572,1763,448,487,709,730,1760,434,445,642,512,1913,1769,1897,565,443,1936,458,1850,543,472,382,534,477,569,419,545,1860,1811,503,569,1751,1767,346,1777,1800,558,729,399,446,1899,1885,566,1807,577,1838,418,452,368,1869,490,1759,1827,520,1753,1861,663,571,623,1804,1766,471,547,1776,480,602,1771,1854,576,1781,593,1743,1762,593,446,1783,615,1757,1779,1730,458,460,478,1794,1767,456,392,369,1741,460,676,1738
G55454,603,624,448,669,1753,632,1833,650,589,399,537,391,1771,607,575,1814,375,1814,1781,604,1784,407,668,434,712,619,731,1747,592,631,1832,682,1805,612,635,678,1755,532,0,1743,640,1728,619,697,1766,408,652,569,585,410,600,670,1823,646,655,629,704,1814,632,625,618,640,1915,1831,1969,595,423,1998,656,1828,691,638,566,706,675,697,619,587,1872,1783,541,557,1791,1813,524,1849,1852,574,605,609,650,1969,1819,592,1771,569,1814,638,646,402,1931,340,1805,1817,560,1817,1917,569,589,745,1848,1814,663,699,1822,648,550,1813,1878,522,1807,627,1715,1770,741,652,1833,751,1797,1819,1762,646,656,638,1838,1815,632,584,549,1783,622,564,1692
G55455,1766,1739,1735,1778,576,1745,544,1807,1784,1716,1708,1726,472,1730,1766,1033,1700,1049,756,1835,1067,1578,1815,1761,1915,1724,1872,1042,1711,1816,1187,1769,492,1629,1766,1847,1038,1729,1743,0,1777,1035,1734,1858,547,1735,1671,1824,1714,1733,1727,1851,1040,1779,1792,1610,1641,1159,1743,1760,1667,1833,1354,1058,1324,1766,1806,1349,1797,1225,1828,1773,1769,1859,1784,1862,1750,1778,1123,1070,1802,1756,1024,1042,1731,1084,1209,1793,1762,1788,1771,1322,450,1757,1062,1752,1219,1755,1755,1759,1270,1791,1042,1082,1805,1042,1276,1778,1794,1894,1061,1047,1788,1860,1047,1789,1753,1038,1121,1745,1042,1822,624,699,1886,1789,1060,1436,1024,1042,1123,1771,1773,1767,1181,1042,1767,1771,1754,1118,1761,1609,631
G55457,489,270,462,245,1801,278,1903,382,483,475,499,475,1809,245,447,1804,485,1818,1877,600,1864,603,268,486,396,267,403,1863,702,431,1844,498,1847,582,219,428,1867,480,640,1777,0,1854,277,407,1884,468,518,591,503,484,254,372,1841,266,255,541,580,1826,274,299,488,598,1973,1841,1971,399,569,1998,224,1902,451,192,438,350,229,391,241,341,1914,1869,589,549,1807,1813,438,1841,1850,312,555,471,248,1959,1931,432,1855,371,1890,234,406,430,1923,572,1801,1883,606,1827,1929,479,351,329,1846,1822,209,335,1816,244,416,1799,1906,386,1813,351,1785,1802,367,210,1829,513,1811,1815,1780,246,216,210,1836,1817,236,440,473,1797,240,766,1786
G55458,1723,1812,1816,1849,1041,1816,1121,1824,1851,1801,1791,1799,1065,1811,1729,256,1781,278,1059,1864,218,1547,1872,1842,1952,1803,1919,177,1692,1825,1238,1752,1089,1602,1829,1866,185,1800,1728,1035,1854,0,1809,1907,1016,1820,1666,1865,1671,1806,1790,1894,579,1846,1861,1607,1628,1226,1812,1827,1682,1886,1359,291,1403,1781,1873,1430,1870,1234,1901,1846,1854,1916,1861,1921,1823,1803,300,207,1835,1781,253,271,1816,313,1268,1814,1737,1863,1852,1397,1101,1776,297,1781,1224,1828,1840,1840,1359,1836,349,253,1828,275,1359,1759,1813,1947,314,262,1859,1923,278,1866,1774,261,312,1762,355,1853,995,1066,1939,1864,285,1507,253,273,1180,1848,1848,1844,1246,275,1842,1850,1815,1185,1824,1612,970
G55459,466,205,459,234,1762,261,1866,355,496,414,430,440,1766,204,422,1783,436,1791,1826,585,1817,570,323,485,407,178,358,1818,639,372,1801,419,1782,523,268,351,1820,411,619,1734,277,1809,0,354,1841,443,465,568,502,399,185,365,1786,245,288,504,529,1771,225,238,441,597,1930,1792,1930,358,534,1963,253,1861,522,279,467,323,276,360,222,346,1869,1828,586,556,1772,1786,431,1804,1815,349,522,508,243,1930,1888,343,1814,356,1849,209,471,473,1894,561,1782,1828,575,1776,1894,464,368,394,1823,1791,268,342,1791,285,389,1782,1859,371,1796,388,1742,1773,366,261,1806,462,1772,1796,1741,263,261,273,1795,1786,247,479,452,1746,239,747,1735
G55460,546,339,599,386,1876,379,1958,435,626,546,574,570,1884,332,486,1915,584,1903,1918,647,1911,652,435,599,463,348,446,1916,765,456,1931,523,1928,617,396,441,1930,571,697,1858,407,1907,354,0,1951,597,555,636,564,567,333,447,1924,355,408,600,603,1909,355,348,533,681,2016,1926,2060,434,652,2085,381,1959,652,393,605,455,388,432,342,418,1987,1920,680,654,1888,1904,577,1934,1939,425,592,640,363,2040,1982,465,1904,430,1949,355,589,591,2014,659,1898,1938,685,1908,2010,524,446,502,1945,1905,398,446,1917,417,473,1906,1969,455,1910,468,1874,1895,452,367,1926,612,1894,1922,1869,397,373,375,1935,1900,365,621,582,1884,353,837,1865
G55461,1781,1844,1844,1885,677,1850,335,1876,1887,1827,1813,1835,597,1843,1779,1118,1807,1130,799,1912,1100,1583,1922,1862,2002,1829,1975,1009,1726,1889,1268,1800,579,1624,1871,1920,999,1834,1766,547,1884,1016,1841,1951,0,1848,1702,1911,1695,1834,1826,1944,1123,1880,1891,1597,1620,1250,1854,1867,1698,1922,1401,1143,1413,1839,1905,1446,1906,1264,1935,1878,1880,1958,1893,1969,1857,1855,1184,1087,1873,1819,1113,1127,1840,1167,1296,1868,1767,1897,1888,1417,621,1822,1087,1821,1258,1866,1868,1870,1373,1872,1121,1131,1872,1131,1373,1795,1867,1991,1140,1134,1897,1963,1136,1902,1810,1121,1184,1806,1121,1905,645,790,1989,1902,1143,1547,1111,1127,1214,1882,1886,1882,1278,1133,1884,1880,1857,1207,1868,1578,582
G55462,707,446,194,423,1763,430,1865,616,391,199,365,195,1775,453,677,1792,177,1794,1835,536,1820,583,564,206,608,435,623,1827,580,631,1806,664,1783,760,507,592,1829,328,408,1735,468,1820,443,597,1848,0,718,495,739,192,442,602,1775,442,517,747,754,1770,462,473,676,528,1929,1797,1929,615,291,1962,450,1874,527,462,360,508,455,609,453,581,1884,1837,531,603,1777,1789,376,1809,1824,544,775,373,486,1929,1897,602,1829,607,1856,456,434,136,1895,362,1779,1849,550,1775,1889,697,615,609,1838,1796,461,591,1804,478,642,1793,1878,624,1795,585,1751,1778,629,432,1815,633,1781,1807,1748,442,446,462,1808,1791,490,360,389,1757,498,706,1746
G55463,323,458,716,527,1689,484,1767,418,723,669,691,681,1701,443,331,1752,681,1764,1695,712,1700,475,494,734,598,473,549,1673,622,465,1778,336,1737,256,475,482,1677,682,652,1671,518,1666,465,555,1702,718,0,715,327,688,430,546,1749,470,519,275,292,1764,456,465,278,798,1881,1771,1923,357,747,1958,496,1774,775,484,724,574,497,547,447,467,1818,1725,709,645,1743,1753,692,1785,1806,428,357,751,476,1921,1771,436,1713,411,1770,468,722,714,1883,700,1751,1757,708,1751,1893,391,435,583,1794,1762,503,539,1762,520,404,1753,1810,370,1757,491,1649,1704,549,530,1769,649,1743,1765,1708,502,498,492,1790,1757,482,740,685,1719,478,556,1608
G55464,702,547,501,596,1850,585,1912,629,490,466,456,458,1854,544,636,1869,478,1883,1870,531,1875,570,605,511,671,544,668,1878,625,646,1903,677,1900,767,590,639,1888,469,569,1824,591,1865,568,636,1911,495,715,0,738,471,547,649,1888,583,588,752,767,1869,571,570,683,559,1976,1900,2016,594,548,2041,583,1929,640,591,475,659,592,660,530,624,1963,1878,572,630,1864,1868,431,1904,1899,609,768,516,561,2006,1952,621,1870,640,1907,559,577,475,1972,557,1858,1902,577,1882,1968,692,634,684,1903,1879,594,642,1883,611,645,1864,1953,631,1872,662,1840,1863,666,579,1884,742,1868,1882,1843,603,575,585,1885,1876,551,475,436,1852,553,717,1833
G55465,316,453,727,534,1724,483,1800,425,736,702,702,708,1742,474,316,1791,712,1793,1740,725,1745,438,497,743,607,500,532,1682,601,460,1815,337,1778,287,446,495,1694,711,585,1714,503,1671,502,564,1695,739,327,738,0,691,455,499,1804,501,526,334,309,1803,445,464,365,771,1908,1810,1960,372,744,1999,493,1811,752,475,715,601,514,524,454,450,1847,1742,690,590,1772,1790,675,1826,1845,415,274,766,457,1960,1778,431,1740,412,1803,457,713,715,1926,667,1784,1788,699,1800,1922,298,420,562,1831,1793,492,534,1805,501,333,1780,1849,341,1788,452,1668,1747,554,523,1804,684,1782,1798,1761,489,487,475,1835,1788,501,741,706,1762,479,523,1623
G55466,675,422,158,437,1751,452,1859,572,395,115,339,199,1765,419,641,1786,185,1784,1827,498,1808,539,530,178,610,401,561,1815,552,597,1792,636,1777,722,471,562,1819,312,410,1733,484,1806,399,567,1834,192,688,471,691,0,390,566,1767,454,491,711,724,1760,436,435,650,494,1919,1779,1923,577,291,1948,446,1858,533,470,368,534,473,569,425,543,1872,1823,495,567,1769,1775,338,1793,1816,542,727,401,436,1915,1879,564,1811,575,1848,420,460,218,1887,338,1769,1831,512,1763,1881,655,583,613,1822,1780,475,555,1786,486,604,1771,1852,576,1787,585,1743,1774,581,454,1797,619,1765,1791,1746,452,462,466,1796,1779,454,374,351,1741,456,668,1736
G55467,413,144,440,209,1747,188,1851,298,473,391,411,415,1761,123,371,1768,393,1772,1821,566,1806,557,266,462,382,179,315,1805,644,311,1792,392,1795,472,191,314,1805,382,600,1727,254,1790,185,333,1826,442,430,547,455,390,0,288,1793,168,265,489,482,1776,164,181,406,566,1917,1789,1923,285,517,1938,172,1842,509,188,442,310,191,293,137,301,1860,1815,549,547,1753,1765,418,1797,1806,280,467,473,168,1911,1875,358,1801,333,1836,138,424,438,1877,544,1757,1825,572,1775,1871,417,303,337,1810,1772,187,275,1774,192,334,1763,1848,310,1775,329,1735,1764,305,206,1779,453,1759,1777,1736,200,172,192,1782,1767,206,450,433,1733,194,736,1730
G55468,479,326,590,385,1881,360,1945,400,609,563,567,565,1883,299,459,1902,571,1906,1917,648,1904,629,350,620,470,359,411,1911,744,391,1928,504,1925,560,319,416,1915,572,670,1851,372,1894,365,447,1944,602,546,649,499,566,288,0,1931,324,403,609,594,1906,300,329,498,666,2029,1929,2061,395,625,2078,318,1956,637,316,580,464,339,407,315,391,1976,1911,659,609,1887,1893,542,1933,1924,360,535,633,314,2047,1989,450,1895,419,1938,302,584,580,2009,622,1897,1927,674,1913,2007,485,385,457,1940,1906,347,389,1914,364,420,1901,1962,388,1903,385,1863,1890,411,348,1915,601,1891,1913,1858,340,332,320,1926,1903,340,610,583,1871,330,810,1858
G55469,1832,1805,1789,1824,1044,1811,1156,1901,1852,1776,1772,1790,1056,1798,1850,523,1772,491,1118,1893,567,1648,1895,1819,1989,1782,1932,610,1775,1876,1237,1823,1074,1729,1836,1903,602,1763,1823,1040,1841,579,1786,1924,1123,1775,1749,1888,1804,1767,1793,1931,0,1841,1854,1716,1741,1197,1813,1806,1761,1907,1366,516,1378,1848,1876,1407,1867,1289,1898,1845,1831,1913,1844,1946,1824,1840,627,598,1858,1818,494,490,1799,528,1237,1849,1846,1842,1845,1354,1184,1813,582,1830,1277,1827,1813,1817,1316,1847,482,604,1865,476,1342,1842,1858,1976,557,505,1860,1940,505,1863,1839,502,601,1825,502,1900,1022,1053,1958,1849,526,1492,486,530,1167,1819,1843,1841,1247,510,1841,1819,1808,1168,1841,1707,1015
G55470,447,194,442,215,1799,196,1891,350,449,443,463,461,1809,185,409,1828,465,1826,1859,608,1852,597,306,454,344,225,341,1857,690,373,1846,430,1847,510,251,346,1861,448,646,1779,266,1846,245,355,1880,442,470,583,501,454,168,324,1841,0,311,541,528,1824,228,215,442,608,1957,1835,1967,355,585,1994,164,1898,523,186,444,314,169,341,199,357,1912,1865,611,591,1805,1819,460,1851,1856,272,499,485,216,1965,1925,402,1853,373,1890,204,436,442,1929,590,1815,1871,622,1827,1923,461,343,327,1864,1826,209,305,1828,210,386,1815,1898,352,1829,307,1787,1816,337,200,1835,515,1811,1829,1780,186,180,190,1840,1819,252,458,485,1789,246,772,1782
G55471,498,275,527,304,1816,325,1918,421,568,486,512,486,1822,240,436,1823,506,1849,1890,621,1871,614,297,547,429,282,426,1866,729,434,1853,479,1858,581,224,419,1870,487,655,1792,255,1861,288,408,1891,517,519,588,526,491,265,403,1854,311,0,566,571,1833,303,314,511,613,1994,1856,1998,398,570,2015,291,1893,532,257,517,383,286,402,248,364,1931,1888,598,572,1832,1828,455,1864,1875,363,516,542,281,1980,1922,431,1880,322,1907,273,479,503,1940,593,1818,1898,613,1838,1948,452,376,390,1871,1847,296,346,1839,311,411,1824,1929,381,1834,416,1800,1829,392,297,1848,530,1828,1830,1801,305,275,291,1847,1842,261,519,476,1816,231,793,1803
G55472,408,503,739,558,1634,541,1710,483,772,688,714,714,1650,494,396,1705,710,1715,1654,755,1669,442,551,757,647,506,628,1596,613,502,1739,425,1686,259,544,563,1594,709,629,1610,541,1607,504,600,1597,747,275,752,334,711,489,609,1716,541,566,0,269,1725,517,528,305,831,1836,1732,1872,450,760,1911,551,1745,794,559,757,611,568,624,514,496,1781,1688,730,672,1692,1708,707,1744,1753,495,400,772,537,1874,1696,473,1674,470,1739,523,737,749,1830,727,1702,1722,745,1708,1840,438,498,642,1747,1713,566,610,1719,545,473,1704,1767,445,1710,548,1562,1653,626,559,1726,632,1692,1718,1675,537,551,535,1741,1710,529,765,728,1668,523,493,1513
G55473,371,478,756,577,1661,520,1743,458,779,705,729,715,1673,493,383,1728,719,1736,1669,762,1694,517,548,784,662,521,597,1623,634,527,1762,356,1711,316,511,540,1617,730,704,1641,580,1628,529,603,1620,754,292,767,309,724,482,594,1741,528,571,269,0,1750,490,507,284,828,1875,1751,1903,405,795,1938,542,1762,821,528,772,630,559,577,485,509,1804,1707,749,701,1713,1735,732,1767,1788,490,387,793,506,1897,1715,494,1703,479,1758,508,754,748,1863,736,1733,1741,758,1739,1869,405,499,629,1770,1738,543,583,1744,554,434,1727,1786,454,1737,523,1597,1674,603,580,1743,685,1721,1739,1700,538,546,526,1766,1735,544,786,721,1703,530,556,1534
G55474,1841,1790,1788,1815,1185,1796,1275,1874,1837,1775,1757,1791,1183,1779,1827,1222,1759,1214,1255,1888,1246,1655,1878,1804,1964,1763,1929,1239,1796,1863,470,1822,1205,1738,1817,1880,1245,1760,1814,1159,1826,1226,1771,1909,1250,1770,1764,1869,1803,1760,1776,1906,1197,1824,1833,1725,1750,0,1808,1803,1754,1882,1361,1195,1349,1827,1859,1390,1844,440,1877,1826,1818,1886,1835,1919,1805,1837,1300,1247,1855,1813,1203,1199,1790,1233,1228,1848,1847,1833,1836,1355,1313,1794,1249,1809,418,1804,1814,1810,1289,1850,1193,1253,1856,1193,1313,1849,1859,1947,1248,1212,1847,1911,1212,1842,1820,1207,1302,1816,1213,1881,1161,1194,1941,1838,1233,1515,1191,1211,394,1796,1830,1826,320,1209,1818,1818,1787,933,1810,1706,1156
G55475,429,150,442,235,1771,200,1873,272,507,421,457,445,1785,167,415,1796,435,1804,1831,576,1822,595,278,496,408,209,297,1821,650,341,1824,406,1815,502,221,314,1829,434,632,1743,274,1812,225,355,1854,462,456,571,445,436,164,300,1813,228,303,517,490,1808,0,177,448,582,1939,1817,1955,335,559,1968,196,1880,533,228,470,356,225,299,161,339,1888,1837,591,563,1781,1795,434,1839,1838,322,509,495,156,1947,1899,386,1827,363,1864,140,448,446,1911,556,1795,1839,602,1797,1911,431,293,327,1844,1802,195,271,1806,210,348,1799,1868,356,1807,335,1757,1790,319,230,1815,473,1781,1807,1768,174,206,214,1818,1797,226,480,471,1769,208,754,1752
G55476,456,143,469,242,1786,199,1882,313,516,416,454,466,1794,186,416,1801,450,1801,1852,595,1827,584,319,473,391,216,288,1836,675,366,1829,401,1830,497,268,299,1836,445,625,1760,299,1827,238,348,1867,473,465,570,464,435,181,329,1806,215,314,528,507,1803,177,0,439,601,1930,1828,1958,342,556,1985,227,1887,562,249,475,363,230,310,182,350,1899,1850,596,568,1778,1796,449,1832,1845,309,502,522,187,1938,1912,389,1840,364,1873,185,467,473,1906,583,1788,1860,623,1798,1910,420,324,350,1847,1803,238,298,1817,231,357,1796,1875,357,1808,350,1778,1801,344,249,1816,494,1784,1820,1759,205,233,239,1829,1798,273,485,488,1766,255,763,1769
G55477,369,420,684,487,1687,444,1761,410,711,647,649,645,1693,417,355,1758,643,1754,1699,680,1720,501,462,692,566,445,541,1687,624,445,1774,348,1733,320,433,466,1689,642,618,1667,488,1682,441,533,1698,676,278,683,365,650,406,498,1761,442,511,305,284,1754,448,439,0,762,1891,1763,1905,341,715,1952,468,1790,741,462,702,562,473,515,427,461,1814,1731,679,629,1737,1757,654,1781,1810,414,397,733,468,1921,1781,438,1723,413,1774,446,700,688,1879,670,1749,1761,688,1759,1877,423,453,563,1792,1756,479,529,1764,510,392,1757,1816,396,1757,459,1649,1698,537,508,1767,625,1747,1759,1696,486,480,468,1786,1751,478,722,663,1725,456,566,1612
G55478,763,596,512,609,1853,582,1939,658,529,491,483,489,1855,553,713,1884,495,1892,1901,580,1902,641,626,522,710,579,661,1905,678,701,1896,762,1901,826,587,698,1913,512,640,1833,598,1886,597,681,1922,528,798,559,771,494,566,666,1907,608,613,831,828,1882,582,601,762,0,2019,1905,2041,679,591,2052,594,1948,637,594,500,688,589,693,563,671,1972,1905,357,633,1877,1877,476,1907,1918,670,821,263,580,2019,1971,694,1903,673,1936,582,570,478,1985,578,1871,1917,350,1891,1991,775,683,679,1922,1890,605,635,1886,620,694,1877,1964,684,1877,685,1847,1872,671,602,1893,755,1877,1885,1848,618,582,590,1902,1893,576,504,489,1871,550,774,1834
G55479,1936,1929,1923,1956,1356,1941,1430,1983,1960,1910,1906,1920,1382,1928,1932,1373,1886,1369,1384,1983,1351,1772,2017,1943,2077,1918,2048,1364,1911,1968,1393,1927,1420,1859,1970,2017,1370,1913,1915,1354,1973,1359,1930,2016,1401,1929,1881,1976,1908,1919,1917,2029,1366,1957,1994,1836,1875,1361,1939,1930,1891,2019,0,1388,988,1938,1986,1031,1979,1411,2026,1975,1955,2043,1972,2048,1946,1964,1445,1364,1988,1944,1354,1362,1937,1394,523,1963,1958,1980,1969,976,1458,1927,1356,1954,1401,1955,1943,1943,946,1961,1362,1398,1981,1366,966,1954,1958,2082,1413,1373,1990,2056,1381,1987,1939,1368,1425,1929,1370,2006,1358,1365,2066,1977,1388,1680,1348,1392,1335,1961,1967,1969,1397,1378,1969,1965,1946,1336,1959,1835,1337
G55480,1832,1807,1805,1826,1056,1817,1164,1891,1856,1790,1778,1802,1090,1798,1842,145,1786,125,1144,1895,237,1660,1887,1835,1977,1770,1940,300,1791,1876,1219,1833,1088,1747,1828,1909,326,1769,1831,1058,1841,291,1792,1926,1143,1797,1771,1900,1810,1779,1789,1929,516,1835,1856,1732,1751,1195,1817,1828,1763,1905,1388,0,1382,1844,1884,1425,1851,1269,1900,1833,1833,1907,1848,1936,1818,1846,287,242,1874,1826,98,120,1803,132,1261,1853,1844,1854,1835,1376,1194,1809,382,1826,1269,1827,1817,1823,1342,1853,252,236,1873,96,1352,1844,1866,1970,185,111,1846,1926,117,1853,1839,170,233,1825,280,1890,1036,1075,1956,1857,158,1492,102,88,1153,1815,1839,1825,1225,118,1831,1831,1814,1182,1821,1719,1045
G55481,1994,1931,1921,1960,1346,1939,1422,2035,1978,1912,1910,1928,1358,1928,1982,1383,1902,1375,1414,2025,1423,1818,2021,1957,2123,1918,2080,1414,1953,2018,1377,1993,1358,1897,1962,2057,1414,1897,1969,1324,1971,1403,1930,2060,1413,1929,1923,2016,1960,1923,1923,2061,1378,1967,1998,1872,1903,1349,1955,1958,1905,2041,988,1382,0,1992,2004,497,1983,1463,2034,1979,1957,2061,1978,2070,1948,1992,1461,1424,2000,1982,1360,1372,1933,1408,841,2005,2006,1988,1977,412,1478,1969,1412,1982,1443,1953,1945,1955,442,1997,1374,1438,2023,1380,332,2000,2008,2110,1415,1375,1996,2066,1381,1983,1991,1372,1463,1979,1372,2042,1324,1341,2096,1987,1394,1672,1364,1380,1315,1967,1975,1975,1383,1376,1975,1963,1946,1340,1971,1871,1315
G55482,326,323,617,406,1786,361,1870,351,626,578,586,580,1796,312,274,1823,580,1831,1810,603,1807,492,369,629,477,346,436,1808,645,294,1851,325,1836,403,338,387,1818,565,595,1766,399,1781,358,434,1839,615,357,594,372,577,285,395,1848,355,398,450,405,1827,335,342,341,679,1938,1844,1992,0,634,2019,361,1847,648,367,629,465,378,416,320,352,1887,1804,616,552,1816,1828,567,1866,1865,327,406,646,357,1988,1886,365,1792,322,1839,339,607,609,1950,581,1830,1820,595,1834,1948,366,342,448,1871,1835,382,434,1835,397,311,1826,1883,297,1836,364,1776,1811,422,409,1842,584,1816,1832,1781,389,367,367,1851,1832,371,641,586,1808,343,697,1759
G55484,736,539,343,580,1830,565,1914,657,522,290,454,278,1846,534,702,1865,276,1869,1886,567,1873,600,593,351,695,538,662,1884,657,652,1877,727,1870,793,548,649,1882,443,423,1806,569,1873,534,652,1905,291,747,548,744,291,517,625,1876,585,570,760,795,1859,559,556,715,591,1986,1884,2004,634,0,2039,571,1917,608,559,473,617,586,630,550,584,1931,1886,534,594,1848,1866,443,1894,1891,605,770,516,553,1998,1942,603,1878,620,1901,551,543,297,1966,367,1862,1898,561,1864,1956,698,638,680,1901,1865,588,634,1877,579,633,1866,1927,611,1874,636,1824,1849,662,563,1886,702,1852,1876,1819,587,567,569,1881,1864,551,493,464,1828,553,721,1817
G55485,2023,1964,1964,2005,1365,1980,1469,2056,1995,1943,1939,1949,1359,1937,2013,1392,1923,1414,1435,2052,1452,1849,2028,1994,2136,1941,2103,1437,1980,2043,1430,2032,1385,1930,1983,2082,1437,1936,1998,1349,1998,1430,1963,2085,1446,1962,1958,2041,1999,1948,1938,2078,1407,1994,2015,1911,1938,1390,1968,1985,1952,2052,1031,1425,497,2019,2039,0,1994,1468,2041,1976,1964,2072,1989,2095,1953,2007,1494,1447,2027,2007,1397,1393,1934,1431,852,2030,2037,1999,1976,447,1495,2004,1445,2003,1464,1960,1958,1960,469,2022,1389,1453,2042,1411,441,2037,2027,2121,1434,1408,2001,2063,1392,1988,2010,1391,1488,2004,1393,2067,1343,1368,2097,2000,1401,1695,1391,1393,1350,1984,1990,1984,1390,1403,1976,1978,1949,1367,1968,1894,1346
G55486,453,200,432,207,1825,214,1925,348,449,447,473,463,1837,167,425,1826,465,1846,1895,604,1880,611,264,464,364,237,327,1883,702,375,1864,454,1873,526,197,366,1887,458,656,1797,224,1870,253,381,1906,450,496,583,493,446,172,318,1867,164,291,551,542,1844,196,227,468,594,1979,1851,1983,361,571,1994,0,1930,477,118,406,310,111,321,169,361,1942,1899,621,589,1819,1821,424,1861,1860,264,525,429,140,1963,1957,404,1883,395,1914,160,378,394,1927,584,1821,1901,644,1843,1929,471,329,289,1866,1834,135,273,1832,144,408,1819,1922,370,1835,287,1805,1832,295,140,1841,505,1825,1827,1796,144,110,120,1842,1831,208,392,481,1801,202,804,1808
G55487,1845,1876,1874,1917,1231,1880,1315,1914,1899,1845,1833,1861,1245,1863,1847,1268,1827,1270,1271,1932,1260,1667,1938,1884,2012,1853,1985,1241,1832,1907,612,1874,1295,1752,1899,1942,1249,1850,1828,1225,1902,1234,1861,1959,1264,1874,1774,1929,1811,1858,1842,1956,1289,1898,1893,1745,1762,440,1880,1887,1790,1948,1411,1269,1463,1847,1917,1468,1930,0,1947,1892,1894,1960,1919,1967,1881,1855,1320,1235,1843,1825,1261,1265,1872,1305,1316,1870,1809,1919,1914,1439,1273,1822,1243,1811,180,1886,1882,1886,1397,1872,1269,1263,1878,1275,1405,1803,1873,2007,1302,1274,1923,1983,1268,1920,1804,1265,1320,1822,1281,1907,1219,1246,2003,1922,1279,1595,1255,1257,528,1902,1912,1896,270,1267,1896,1900,1875,1005,1884,1726,1202
G55488,732,543,505,516,1852,501,1950,637,532,520,548,528,1856,510,692,1873,556,1887,1918,635,1921,646,537,525,635,516,648,1920,747,660,1899,749,1894,803,504,671,1926,543,691,1828,451,1901,522,652,1935,527,775,640,752,533,509,637,1898,523,532,794,821,1877,533,562,741,637,2026,1900,2034,648,608,2041,477,1947,0,475,467,589,484,636,508,622,1961,1918,658,350,1870,1872,471,1898,1899,565,792,514,505,2008,1978,661,1916,622,1937,501,181,479,1968,611,1868,1928,643,1890,1976,730,620,562,1909,1883,468,586,1877,499,639,1868,1959,617,1874,582,1838,1861,610,479,1882,692,1876,1870,1839,517,461,461,1885,1878,523,471,530,1852,481,819,1831
G55489,435,238,456,241,1795,236,1907,346,463,471,485,467,1805,191,431,1786,485,1814,1875,602,1860,597,228,486,364,267,333,1857,706,387,1846,456,1847,512,169,360,1859,472,638,1773,192,1846,279,393,1878,462,484,591,475,470,188,316,1845,186,257,559,528,1826,228,249,462,594,1975,1833,1979,367,559,1976,118,1892,475,0,408,316,129,329,185,323,1912,1869,595,561,1799,1801,426,1833,1844,242,485,443,174,1937,1931,392,1857,367,1884,178,392,404,1903,566,1789,1879,620,1821,1913,433,305,293,1836,1812,163,269,1802,160,380,1791,1896,338,1805,265,1785,1804,309,164,1813,505,1801,1795,1782,178,130,128,1816,1805,204,408,459,1791,202,768,1790
G55490,709,482,348,441,1789,442,1891,600,339,363,367,373,1797,445,685,1806,393,1816,1869,510,1858,585,534,376,580,451,591,1859,454,643,1838,700,1837,758,475,628,1863,382,566,1769,438,1854,467,605,1880,360,724,475,715,368,442,580,1831,444,517,757,772,1818,470,475,702,500,1955,1833,1957,629,473,1964,406,1894,467,408,0,528,399,589,447,569,1912,1867,519,563,1795,1797,318,1829,1830,522,749,365,432,1923,1923,602,1857,603,1874,432,386,306,1897,500,1789,1879,548,1815,1901,685,591,549,1834,1804,425,531,1802,422,622,1799,1894,592,1803,535,1777,1800,571,398,1813,639,1797,1809,1774,432,416,414,1816,1799,450,288,363,1771,438,676,1774
G55491,551,330,538,321,1877,328,1971,466,577,529,551,543,1889,321,533,1908,553,1910,1929,698,1922,671,420,558,464,303,481,1929,742,495,1916,532,1911,640,381,470,1931,534,706,1859,350,1916,323,455,1958,508,574,659,601,534,310,464,1913,314,383,611,630,1886,356,363,562,688,2043,1907,2061,465,617,2072,310,1960,589,316,528,0,329,429,345,419,1984,1935,657,637,1887,1901,564,1925,1934,384,621,561,366,2045,1987,376,1925,435,1942,340,526,520,2009,636,1897,1939,666,1897,2009,563,441,441,1946,1906,323,401,1912,350,480,1901,1972,460,1919,411,1861,1894,459,322,1923,577,1891,1909,1856,320,306,316,1918,1899,332,546,557,1867,350,856,1862
G55492,462,231,447,218,1804,219,1912,359,462,466,488,464,1814,182,440,1815,478,1833,1880,605,1869,634,263,473,383,268,338,1872,709,382,1855,465,1848,545,208,375,1874,477,675,1784,229,1861,276,388,1893,455,497,592,514,473,191,339,1844,169,286,568,559,1835,225,230,473,589,1972,1848,1978,378,586,1989,111,1919,484,129,399,329,0,362,186,378,1921,1888,630,586,1812,1810,441,1852,1861,287,530,430,171,1958,1942,425,1874,404,1907,177,383,403,1918,595,1806,1890,631,1824,1930,478,334,280,1859,1829,176,280,1823,161,417,1812,1913,377,1822,316,1790,1817,314,171,1834,508,1814,1822,1787,173,117,145,1835,1824,231,379,476,1802,229,797,1793
G55494,544,291,613,390,1890,329,1972,383,622,552,580,574,1904,306,488,1925,580,1921,1938,665,1941,656,385,609,473,352,422,1946,793,472,1935,485,1936,601,352,401,1952,569,697,1862,391,1921,360,432,1969,609,547,660,524,569,293,407,1946,341,402,624,577,1919,299,310,515,693,2048,1936,2070,416,630,2095,321,1967,636,329,589,429,362,0,288,416,1985,1942,670,640,1900,1916,567,1948,1949,377,576,632,297,2054,2000,437,1934,428,1951,293,593,595,2020,649,1914,1952,677,1924,2010,494,396,410,1959,1921,320,376,1925,335,381,1914,1981,411,1922,402,1882,1903,392,363,1934,604,1908,1926,1867,339,337,337,1937,1914,343,623,570,1896,315,847,1875
G55495,432,147,463,240,1770,211,1870,295,482,418,430,426,1784,132,382,1779,420,1797,1850,581,1829,576,259,481,375,196,290,1836,681,360,1825,393,1822,507,184,325,1840,419,619,1750,241,1823,222,342,1857,453,447,530,454,425,137,315,1824,199,248,514,485,1805,161,182,427,563,1946,1818,1948,320,550,1953,169,1881,508,185,447,345,186,288,0,326,1889,1844,570,570,1776,1782,409,1808,1823,295,488,470,127,1930,1908,381,1832,362,1865,109,425,431,1890,585,1766,1854,603,1800,1890,410,300,304,1819,1791,158,240,1785,167,329,1774,1881,335,1782,336,1754,1783,306,191,1794,462,1786,1782,1755,189,163,167,1797,1788,195,439,420,1762,187,749,1757
G55496,458,347,587,388,1792,377,1886,413,610,536,554,548,1806,322,414,1819,554,1825,1836,653,1813,536,371,595,451,332,440,1818,697,418,1861,475,1850,505,342,431,1824,545,587,1778,341,1803,346,418,1855,581,467,624,450,543,301,391,1840,357,364,496,509,1837,339,350,461,671,1964,1846,1992,352,584,2007,361,1855,622,323,569,419,378,416,326,0,1891,1812,522,516,1808,1824,539,1860,1865,291,460,620,341,1974,1874,319,1800,292,1843,333,571,577,1938,563,1818,1830,581,1834,1940,382,334,454,1861,1827,376,404,1835,383,327,1822,1885,303,1832,362,1782,1813,438,285,1838,572,1814,1832,1789,375,365,331,1855,1822,325,587,538,1802,327,735,1775
G55497,1885,1882,1886,1915,1123,1888,1215,1934,1919,1867,1857,1871,1149,1873,1883,268,1857,280,1179,1960,324,1715,1948,1906,2032,1867,2001,369,1852,1929,1306,1892,1165,1788,1897,1958,381,1860,1872,1123,1914,300,1869,1987,1184,1884,1818,1963,1847,1872,1860,1976,627,1912,1931,1781,1804,1300,1888,1899,1814,1972,1445,287,1461,1887,1931,1494,1942,1320,1961,1912,1912,1984,1921,1985,1889,1891,0,295,1921,1865,253,273,1882,299,1336,1902,1889,1933,1918,1459,1235,1866,399,1869,1302,1892,1902,1908,1427,1904,369,297,1916,269,1419,1887,1913,2027,312,268,1931,1989,274,1938,1878,247,306,1860,379,1933,1113,1132,2011,1928,281,1569,267,265,1242,1918,1916,1912,1310,273,1910,1916,1891,1253,1896,1770,1108
G55498,1788,1833,1839,1870,1074,1837,1148,1863,1872,1816,1802,1826,1092,1832,1792,219,1806,233,1094,1875,191,1616,1899,1851,1965,1818,1946,226,1761,1844,1263,1807,1122,1685,1854,1895,254,1811,1783,1070,1869,207,1828,1920,1087,1837,1725,1878,1742,1823,1815,1911,598,1865,1888,1688,1707,1247,1837,1850,1731,1905,1364,242,1424,1804,1886,1447,1899,1235,1918,1869,1867,1935,1888,1942,1844,1812,295,0,1850,1802,210,224,1839,260,1283,1833,1794,1888,1879,1412,1150,1779,304,1790,1229,1847,1863,1859,1380,1847,350,196,1841,230,1376,1792,1836,1970,255,225,1884,1946,227,1889,1789,260,267,1777,366,1874,1056,1091,1966,1883,232,1532,210,224,1203,1873,1879,1867,1265,230,1859,1867,1844,1214,1847,1669,1039
G55500,698,587,539,626,1818,611,1908,677,564,488,494,492,1828,572,662,1853,490,1855,1856,621,1847,550,617,553,715,562,704,1846,655,686,1875,735,1870,751,592,699,1846,503,541,1802,589,1835,586,680,1873,531,709,572,690,495,549,659,1858,611,598,730,749,1855,591,596,679,357,1988,1874,2000,616,534,2027,621,1843,658,595,519,657,630,670,570,522,1921,1850,0,548,1836,1852,491,1886,1893,557,688,298,607,2000,1874,595,1842,564,1863,591,599,533,1960,525,1850,1864,267,1858,1960,604,596,710,1891,1851,624,668,1861,629,563,1850,1913,545,1862,624,1802,1829,702,621,1872,740,1842,1860,1807,639,625,601,1869,1850,585,541,484,1812,593,683,1785
G55501,614,583,583,594,1768,589,1864,613,604,544,566,562,1792,550,574,1807,566,1815,1808,621,1805,500,585,599,681,554,648,1802,645,614,1833,663,1824,679,552,651,1808,569,557,1756,549,1781,556,654,1819,603,645,630,590,567,547,609,1818,591,572,672,701,1813,563,568,629,633,1944,1826,1982,552,594,2007,589,1825,350,561,563,637,586,640,570,516,1865,1802,548,0,1796,1808,523,1842,1853,529,628,612,571,1976,1862,537,1800,494,1817,567,317,561,1932,511,1810,1820,561,1808,1934,556,556,650,1847,1813,590,618,1817,597,491,1806,1871,479,1810,560,1766,1783,656,589,1826,696,1794,1816,1773,603,577,555,1839,1812,553,579,562,1782,553,677,1741
G55502,1800,1763,1775,1808,1024,1783,1128,1863,1822,1754,1746,1764,1056,1764,1808,103,1752,77,1110,1859,193,1640,1851,1803,1945,1756,1902,270,1769,1846,1211,1817,1082,1713,1790,1893,276,1751,1791,1024,1807,253,1772,1888,1113,1777,1743,1864,1772,1769,1753,1887,494,1805,1832,1692,1713,1203,1781,1778,1737,1877,1354,98,1360,1816,1848,1397,1819,1261,1870,1799,1795,1887,1812,1900,1776,1808,253,210,1836,1796,0,88,1769,110,1223,1813,1814,1828,1799,1334,1166,1793,340,1796,1243,1785,1785,1789,1306,1819,210,210,1845,82,1318,1806,1826,1944,143,59,1810,1886,97,1815,1807,128,187,1793,240,1850,1014,1039,1914,1819,120,1458,64,98,1145,1801,1799,1791,1211,74,1799,1799,1790,1140,1801,1693,1015
G55504,1814,1789,1785,1818,1042,1793,1152,1875,1832,1768,1754,1774,1070,1770,1816,93,1760,107,1132,1869,217,1652,1851,1815,1955,1774,1908,288,1783,1854,1219,1827,1094,1725,1792,1903,274,1767,1813,1042,1813,271,1786,1904,1127,1789,1753,1868,1790,1775,1765,1893,490,1819,1828,1708,1735,1199,1795,1796,1757,1877,1362,120,1372,1828,1866,1393,1821,1265,1872,1801,1797,1901,1810,1916,1782,1824,273,224,1852,1808,88,0,1773,108,1225,1827,1834,1822,1805,1336,1184,1809,356,1812,1249,1789,1785,1791,1302,1833,210,230,1859,92,1328,1828,1846,1944,127,85,1816,1896,73,1817,1823,116,205,1809,232,1872,1028,1051,1916,1817,112,1464,76,98,1153,1805,1801,1795,1207,84,1799,1795,1786,1150,1799,1703,1031
G55505,649,432,358,461,1753,480,1855,568,365,335,339,345,1763,411,615,1770,367,1790,1825,470,1828,531,484,404,612,421,559,1825,548,575,1808,668,1803,726,427,582,1825,346,524,1731,438,1816,431,577,1840,376,692,431,675,338,418,542,1799,460,455,707,732,1790,434,449,654,476,1937,1803,1933,567,443,1934,424,1872,471,426,318,564,441,567,409,539,1882,1839,491,523,1769,1773,0,1805,1804,542,707,367,402,1909,1887,584,1819,569,1860,394,408,336,1873,454,1761,1845,502,1785,1879,647,561,557,1808,1782,427,503,1776,444,584,1767,1868,560,1777,569,1745,1764,553,426,1793,617,1769,1775,1754,448,420,422,1788,1781,420,312,183,1743,410,644,1738
G55506,1854,1819,1821,1838,1082,1837,1190,1911,1852,1804,1790,1808,1102,1802,1842,139,1800,127,1168,1895,251,1690,1885,1855,1983,1790,1942,322,1801,1892,1261,1839,1114,1767,1828,1931,334,1777,1849,1084,1841,313,1804,1934,1167,1809,1785,1904,1826,1793,1797,1933,528,1851,1864,1744,1767,1233,1839,1832,1781,1907,1394,132,1408,1866,1894,1431,1861,1305,1898,1833,1829,1925,1852,1948,1808,1860,299,260,1886,1842,110,108,1805,0,1265,1863,1866,1858,1835,1368,1222,1833,388,1846,1287,1825,1817,1829,1342,1871,242,264,1891,110,1370,1858,1884,1978,163,115,1850,1922,97,1855,1859,150,241,1845,272,1906,1070,1081,1952,1857,146,1498,124,136,1187,1833,1843,1831,1245,118,1837,1827,1824,1190,1835,1737,1073
G55507,1863,1822,1816,1863,1223,1836,1317,1912,1861,1797,1787,1809,1225,1805,1861,1224,1791,1244,1295,1906,1282,1695,1896,1850,1998,1811,1955,1283,1834,1901,1274,1880,1281,1776,1845,1942,1287,1800,1852,1209,1850,1268,1815,1939,1296,1824,1806,1899,1845,1816,1806,1924,1237,1856,1875,1753,1788,1228,1838,1845,1810,1918,523,1261,841,1865,1891,852,1860,1316,1899,1844,1830,1934,1861,1949,1823,1865,1336,1283,1893,1853,1223,1225,1804,1265,0,1880,1879,1865,1848,785,1355,1856,1269,1855,1302,1822,1818,1834,731,1876,1217,1295,1894,1245,779,1879,1885,1971,1272,1240,1861,1929,1232,1864,1858,1225,1326,1848,1223,1915,1201,1214,1957,1860,1243,1541,1225,1237,1196,1846,1854,1842,1224,1237,1842,1842,1819,1201,1838,1748,1202
G55508,393,318,550,339,1809,298,1893,368,559,539,557,563,1829,293,381,1832,561,1832,1847,642,1820,527,324,542,404,349,407,1829,676,383,1868,434,1865,454,317,390,1835,558,574,1793,312,1814,349,425,1868,544,428,609,415,542,280,360,1849,272,363,495,490,1848,322,309,414,670,1963,1853,2005,327,605,2030,264,1870,565,242,522,384,287,377,295,291,1902,1833,557,529,1813,1827,542,1863,1880,0,429,567,308,1991,1895,330,1823,297,1856,312,532,536,1955,572,1819,1857,602,1837,1955,359,289,381,1874,1832,307,391,1842,312,288,1825,1890,256,1833,239,1789,1816,395,310,1843,569,1819,1843,1800,306,280,260,1868,1827,342,538,561,1805,326,738,1784
G55509,324,505,767,582,1770,529,1846,489,778,716,728,730,1792,476,364,1827,730,1831,1794,763,1803,462,511,765,627,520,592,1748,665,496,1867,435,1830,291,462,541,1764,729,605,1762,555,1737,522,592,1767,775,357,768,274,727,467,535,1846,499,516,400,387,1847,509,502,397,821,1958,1844,2006,406,770,2037,525,1809,792,485,749,621,530,576,488,460,1889,1794,688,628,1814,1834,707,1866,1879,429,0,798,519,1998,1798,447,1782,418,1839,509,753,753,1964,705,1822,1830,719,1838,1962,268,470,598,1863,1829,558,568,1843,543,373,1830,1889,347,1828,478,1722,1789,600,563,1842,698,1824,1832,1793,547,537,515,1865,1826,531,775,724,1816,505,571,1683
G55510,732,513,377,462,1812,475,1926,627,400,394,406,396,1826,476,712,1823,406,1845,1884,539,1875,610,547,415,645,488,634,1872,629,664,1867,711,1848,803,496,647,1876,399,609,1788,471,1863,508,640,1897,373,751,516,766,401,473,633,1842,485,542,772,793,1833,495,522,733,263,1980,1854,1988,646,516,1999,429,1919,514,443,365,561,430,632,470,620,1933,1888,298,612,1828,1822,367,1858,1865,567,798,0,461,1958,1950,651,1880,648,1903,459,417,339,1922,533,1812,1890,323,1828,1926,740,616,578,1865,1839,448,578,1827,455,667,1824,1919,649,1828,598,1792,1825,622,423,1844,670,1820,1834,1801,461,417,435,1839,1832,481,329,408,1810,483,741,1789
G55511,447,172,464,249,1799,224,1905,300,469,437,461,431,1815,173,423,1800,459,1822,1873,576,1862,589,258,508,386,233,281,1867,684,357,1854,426,1847,526,201,336,1869,446,650,1771,248,1852,243,363,1888,486,476,561,457,436,168,314,1845,216,281,537,506,1836,156,187,468,580,1969,1835,1977,357,553,1976,140,1914,505,174,432,366,171,297,127,341,1918,1879,607,571,1799,1805,402,1835,1848,308,519,461,0,1951,1935,396,1865,375,1898,132,410,418,1905,570,1797,1883,622,1817,1917,435,299,295,1848,1812,167,237,1802,130,358,1793,1900,352,1813,337,1781,1812,297,178,1821,475,1801,1809,1788,176,162,156,1826,1813,196,416,455,1785,182,780,1788
G55512,1990,1935,1925,1970,1338,1945,1438,2029,1958,1904,1894,1918,1344,1916,1980,1337,1900,1355,1414,2003,1407,1822,2001,1953,2097,1924,2058,1400,1951,2020,1389,1989,1356,1901,1944,2051,1398,1899,1969,1322,1959,1397,1930,2040,1417,1929,1921,2006,1960,1915,1911,2047,1354,1965,1980,1874,1897,1355,1947,1938,1921,2019,976,1376,412,1988,1998,447,1963,1439,2008,1937,1923,2045,1958,2054,1930,1974,1459,1412,2000,1976,1334,1336,1909,1368,785,1991,1998,1958,1951,0,1474,1971,1404,1974,1429,1935,1921,1925,290,1985,1326,1420,2011,1356,340,1996,1994,2082,1377,1351,1974,2038,1341,1965,1979,1340,1439,1975,1336,2038,1322,1339,2062,1963,1346,1668,1334,1350,1317,1955,1949,1941,1353,1346,1945,1933,1916,1328,1933,1865,1325
G55513,1840,1893,1891,1924,720,1899,676,1933,1934,1872,1870,1878,624,1892,1844,1175,1856,1187,864,1971,1155,1644,1961,1911,2033,1874,2004,1100,1793,1936,1335,1877,658,1703,1924,1967,1104,1885,1819,450,1931,1101,1888,1982,621,1897,1771,1952,1778,1879,1875,1989,1184,1925,1922,1696,1715,1313,1899,1912,1781,1971,1458,1194,1478,1886,1942,1495,1957,1273,1978,1931,1923,1987,1942,2000,1908,1874,1235,1150,1874,1862,1166,1184,1887,1222,1355,1895,1798,1950,1935,1474,0,1861,1146,1852,1307,1915,1921,1913,1434,1909,1176,1178,1909,1184,1432,1810,1910,2026,1193,1189,1948,2008,1187,1951,1849,1178,1237,1849,1184,1944,746,851,2030,1947,1190,1596,1166,1180,1271,1927,1931,1925,1329,1182,1925,1925,1894,1260,1907,1683,735
G55514,437,390,616,417,1777,412,1847,426,653,577,587,589,1785,363,381,1814,585,1810,1801,662,1782,503,448,614,468,345,475,1791,648,431,1832,466,1811,478,403,422,1805,566,592,1757,432,1776,343,465,1822,602,436,621,431,564,358,450,1813,402,431,473,494,1794,386,389,438,694,1927,1809,1969,365,603,2004,404,1822,661,392,602,376,425,437,381,319,1866,1779,595,537,1793,1809,584,1833,1856,330,447,651,396,1971,1861,0,1785,335,1816,384,612,620,1935,596,1805,1793,606,1801,1921,381,395,505,1844,1810,423,467,1818,416,340,1807,1870,290,1817,373,1761,1790,469,402,1823,561,1799,1811,1766,410,404,386,1830,1807,386,620,599,1797,370,704,1750
G55515,1780,1823,1829,1862,1060,1837,1142,1857,1858,1804,1790,1812,1090,1820,1790,353,1792,359,1080,1879,333,1602,1891,1851,1965,1808,1936,322,1753,1840,1265,1789,1118,1681,1848,1889,346,1807,1771,1062,1855,297,1814,1904,1087,1829,1713,1870,1740,1811,1801,1895,582,1853,1880,1674,1703,1249,1827,1840,1723,1903,1356,382,1412,1792,1878,1445,1883,1243,1916,1857,1857,1925,1874,1934,1832,1800,399,304,1842,1800,340,356,1819,388,1269,1823,1782,1880,1865,1404,1146,1785,0,1788,1235,1835,1847,1845,1376,1837,320,340,1843,364,1372,1788,1824,1966,385,351,1870,1932,361,1877,1785,348,399,1781,360,1872,1046,1077,1956,1877,368,1518,342,362,1199,1855,1863,1857,1271,358,1847,1863,1828,1196,1841,1661,1029
G55516,390,357,609,386,1766,385,1860,411,630,552,580,572,1788,336,362,1807,576,1807,1802,635,1799,498,377,609,441,356,466,1796,667,400,1835,455,1824,459,356,425,1804,577,569,1752,371,1781,356,430,1821,607,411,640,412,575,333,419,1830,373,322,470,479,1809,363,364,413,673,1954,1826,1982,322,620,2003,395,1811,622,367,603,435,404,428,362,292,1869,1790,564,494,1796,1812,569,1846,1855,297,418,648,375,1974,1852,335,1788,0,1803,377,587,599,1932,543,1804,1806,555,1816,1930,352,322,454,1847,1815,414,428,1815,419,281,1806,1865,287,1814,348,1754,1781,440,403,1820,568,1800,1812,1761,407,391,379,1833,1810,361,631,572,1778,303,693,1741
G55517,1833,1858,1858,1899,1225,1864,1309,1898,1889,1837,1825,1847,1241,1855,1833,1258,1821,1254,1255,1914,1250,1663,1924,1874,1996,1847,1979,1233,1814,1893,596,1866,1283,1746,1881,1934,1237,1838,1814,1219,1890,1224,1849,1949,1258,1856,1770,1907,1803,1848,1836,1938,1277,1890,1907,1739,1758,418,1864,1873,1774,1936,1401,1269,1443,1839,1901,1464,1914,180,1937,1884,1874,1942,1907,1951,1865,1843,1302,1229,1863,1817,1243,1249,1860,1287,1302,1856,1839,1903,1898,1429,1307,1816,1235,1803,0,1872,1878,1872,1383,1862,1259,1251,1864,1267,1387,1837,1867,1997,1286,1254,1909,1963,1258,1906,1812,1253,1306,1816,1263,1883,1209,1232,1991,1904,1277,1575,1241,1253,516,1892,1894,1886,252,1251,1884,1884,1865,987,1874,1716,1196
G55518,431,150,454,223,1775,204,1881,284,483,417,427,431,1789,157,411,1792,437,1798,1855,574,1844,601,248,494,406,201,293,1843,666,347,1830,404,1825,518,181,318,1847,418,638,1755,234,1828,209,355,1866,456,468,559,457,420,138,302,1827,204,273,523,508,1804,140,185,446,582,1955,1827,1953,339,551,1960,160,1886,501,178,432,340,177,293,109,333,1892,1847,591,567,1785,1789,394,1825,1822,312,509,459,132,1935,1915,384,1835,377,1872,0,418,438,1895,574,1779,1859,614,1803,1893,429,283,299,1824,1794,147,251,1798,156,354,1791,1880,360,1795,337,1771,1784,295,174,1803,475,1785,1797,1758,160,160,166,1808,1793,190,442,447,1761,194,774,1768
G55519,677,460,414,427,1781,438,1889,594,455,431,459,449,1795,425,653,1786,465,1800,1859,588,1850,601,494,464,596,441,589,1849,678,607,1824,692,1825,772,433,618,1851,452,646,1755,406,1840,471,589,1868,434,722,577,713,460,424,584,1813,436,479,737,754,1814,448,467,700,570,1943,1817,1945,607,543,1958,378,1882,181,392,386,526,383,593,425,571,1902,1863,599,317,1785,1785,408,1817,1818,532,753,417,410,1921,1921,612,1847,587,1878,418,0,380,1889,562,1779,1873,612,1793,1895,687,563,523,1824,1792,397,531,1794,406,626,1785,1884,602,1789,549,1767,1784,559,388,1805,619,1785,1791,1768,430,378,388,1808,1791,446,388,475,1765,438,774,1764
G55521,675,466,194,429,1777,440,1893,580,343,213,379,187,1795,441,659,1782,181,1806,1857,494,1846,571,518,226,588,453,585,1845,582,619,1832,680,1829,762,465,614,1849,368,402,1759,430,1840,473,591,1870,136,714,475,715,218,438,580,1817,442,503,749,748,1810,446,473,688,478,1943,1823,1955,609,297,1960,394,1886,479,404,306,520,403,595,431,577,1908,1859,533,561,1789,1791,336,1829,1834,536,753,339,418,1925,1913,620,1845,599,1872,438,380,0,1891,318,1781,1867,540,1801,1893,687,581,553,1834,1806,409,525,1796,420,628,1789,1890,606,1793,555,1771,1796,577,396,1809,631,1787,1799,1774,432,398,400,1808,1801,428,308,373,1771,440,694,1764
G55522,1956,1901,1895,1936,1298,1907,1392,1987,1928,1874,1864,1884,1294,1876,1938,1299,1856,1325,1366,1981,1373,1774,1963,1917,2065,1880,2022,1366,1913,1982,1351,1959,1308,1851,1914,2011,1360,1869,1931,1270,1923,1359,1894,2014,1373,1895,1883,1972,1926,1887,1877,2009,1316,1929,1940,1830,1863,1289,1911,1906,1879,1985,946,1342,442,1950,1966,469,1927,1397,1968,1903,1897,2009,1918,2020,1890,1938,1427,1380,1960,1932,1306,1302,1873,1342,731,1955,1964,1922,1905,290,1434,1935,1376,1932,1383,1895,1889,1891,0,1959,1294,1388,1975,1320,368,1964,1960,2044,1347,1325,1938,2000,1309,1919,1939,1302,1413,1931,1302,1996,1270,1289,2026,1923,1320,1620,1300,1314,1269,1909,1913,1901,1293,1320,1907,1903,1878,1286,1901,1827,1275
G55523,655,574,376,597,1805,586,1897,624,515,341,497,321,1829,555,633,1844,335,1842,1843,556,1844,529,582,384,696,565,657,1845,604,623,1868,692,1855,748,543,664,1849,490,340,1791,572,1836,561,659,1872,362,700,557,667,338,544,622,1847,590,593,727,736,1850,556,583,670,578,1961,1853,1997,581,367,2022,584,1872,611,566,500,636,595,649,585,563,1904,1847,525,511,1819,1833,454,1871,1876,572,705,533,570,1985,1909,596,1837,543,1862,574,562,318,1959,0,1841,1857,488,1841,1951,625,565,677,1884,1840,601,623,1844,612,576,1833,1890,544,1843,571,1805,1824,645,596,1851,729,1821,1849,1804,608,582,578,1868,1839,552,520,485,1813,548,676,1786
G55524,1814,1781,1785,1810,1032,1791,1146,1877,1822,1764,1756,1772,1058,1762,1810,219,1756,241,1124,1865,337,1650,1853,1805,1947,1772,1904,394,1773,1860,1235,1815,1100,1719,1782,1895,400,1759,1805,1042,1801,349,1782,1898,1121,1779,1751,1858,1784,1769,1757,1897,482,1815,1818,1702,1733,1193,1795,1788,1749,1871,1362,252,1374,1830,1862,1389,1821,1269,1868,1789,1789,1897,1806,1914,1766,1818,369,350,1850,1810,210,210,1761,242,1217,1819,1822,1812,1797,1326,1176,1805,320,1804,1259,1779,1779,1781,1294,1841,0,358,1859,226,1320,1820,1844,1934,271,229,1816,1886,225,1809,1817,222,345,1809,232,1872,1016,1031,1918,1807,230,1470,222,232,1157,1803,1797,1793,1215,220,1797,1793,1774,1156,1791,1699,1027
G55525,1816,1845,1843,1880,1082,1849,1174,1883,1878,1826,1814,1832,1110,1840,1824,217,1814,237,1116,1909,233,1650,1919,1865,1983,1822,1952,274,1789,1870,1269,1839,1124,1717,1864,1913,300,1827,1817,1082,1883,253,1828,1938,1131,1849,1757,1902,1788,1831,1825,1927,604,1871,1898,1722,1741,1253,1839,1860,1761,1917,1398,236,1438,1820,1898,1453,1901,1263,1928,1879,1879,1939,1890,1952,1854,1830,297,196,1864,1820,210,230,1845,264,1295,1857,1830,1890,1883,1420,1178,1793,340,1806,1251,1859,1873,1867,1388,1857,358,0,1853,232,1396,1826,1854,1972,265,225,1892,1954,227,1895,1811,268,253,1797,370,1888,1064,1103,1972,1901,242,1534,214,226,1213,1873,1883,1875,1267,232,1865,1875,1854,1214,1853,1695,1051
G55526,685,604,550,633,1819,600,1909,652,571,501,517,507,1831,587,649,1860,511,1864,1843,592,1854,551,640,546,720,589,711,1847,640,651,1884,712,1873,756,597,670,1857,520,560,1805,606,1828,575,685,1872,550,708,577,699,512,572,674,1865,622,613,745,758,1856,602,623,688,350,1981,1873,2023,595,561,2042,644,1878,643,620,548,666,631,677,603,581,1916,1841,267,561,1845,1859,502,1891,1894,602,719,323,622,2011,1909,606,1843,555,1864,614,612,540,1975,488,1859,1853,0,1857,1975,649,609,701,1894,1862,639,683,1862,670,570,1853,1908,574,1867,619,1811,1834,699,644,1875,757,1843,1861,1814,666,632,642,1874,1859,600,566,503,1825,582,690,1790
G55527,1822,1793,1783,1812,1046,1799,1158,1879,1840,1768,1754,1788,1068,1770,1832,119,1756,95,1126,1881,209,1650,1871,1823,1969,1764,1916,290,1769,1858,1231,1817,1074,1729,1812,1891,300,1753,1817,1042,1827,275,1776,1908,1131,1775,1751,1882,1800,1763,1775,1913,476,1827,1838,1708,1739,1193,1797,1798,1759,1891,1366,96,1380,1834,1864,1411,1843,1275,1890,1821,1815,1897,1824,1924,1800,1834,269,230,1858,1808,82,92,1785,110,1245,1837,1838,1828,1817,1356,1184,1801,364,1816,1267,1803,1793,1801,1320,1841,226,232,1857,0,1346,1828,1848,1954,159,81,1836,1916,97,1835,1831,138,207,1811,258,1886,1024,1057,1934,1833,130,1470,68,116,1161,1801,1819,1817,1227,96,1813,1809,1792,1156,1817,1705,1031
G55528,1958,1891,1889,1936,1300,1901,1392,1985,1928,1866,1866,1878,1312,1882,1946,1331,1862,1341,1374,1975,1385,1780,1973,1907,2055,1878,2030,1366,1919,1986,1351,1965,1324,1857,1912,2001,1366,1861,1917,1276,1929,1359,1894,2010,1373,1889,1893,1968,1922,1881,1871,2007,1342,1923,1948,1840,1869,1313,1911,1910,1877,1991,966,1352,332,1948,1956,441,1929,1405,1976,1913,1901,2009,1930,2010,1890,1940,1419,1376,1960,1934,1318,1328,1879,1370,779,1955,1962,1926,1917,340,1432,1921,1372,1930,1387,1893,1895,1893,368,1951,1320,1396,1975,1346,0,1962,1956,2052,1367,1343,1938,2008,1333,1929,1937,1326,1427,1923,1324,1988,1286,1301,2038,1923,1338,1634,1320,1326,1273,1917,1915,1911,1319,1334,1915,1909,1888,1298,1903,1825,1285
G55529,340,429,707,520,1794,465,1870,443,722,656,670,668,1814,426,330,1823,670,1825,1822,701,1801,494,459,709,559,464,516,1762,669,440,1871,431,1846,405,424,459,1774,663,569,1778,479,1759,464,524,1795,697,391,692,298,655,417,485,1842,461,452,438,405,1849,431,420,423,775,1954,1844,2000,366,698,2037,471,1803,730,433,685,563,478,494,410,382,1887,1792,604,556,1806,1828,647,1858,1879,359,268,740,435,1996,1810,381,1788,352,1837,429,687,687,1964,625,1820,1826,649,1828,1962,0,352,528,1857,1825,462,492,1839,467,287,1822,1883,277,1832,414,1750,1811,538,507,1836,654,1816,1834,1801,465,481,441,1873,1820,473,709,662,1810,467,649,1723
G55530,384,315,601,384,1818,351,1898,341,614,562,580,570,1830,320,400,1847,576,1849,1842,639,1829,536,327,619,487,356,402,1830,691,354,1879,417,1866,477,316,373,1836,571,589,1794,351,1813,368,446,1867,615,435,634,420,583,303,385,1858,343,376,498,499,1859,293,324,453,683,1958,1866,2008,342,638,2027,329,1873,620,305,591,441,334,396,300,334,1913,1836,596,556,1826,1846,561,1884,1885,289,470,616,299,1994,1910,395,1824,322,1867,283,563,581,1960,565,1844,1854,609,1848,1956,352,0,410,1889,1851,320,372,1853,315,311,1838,1895,301,1854,352,1798,1835,392,369,1856,580,1832,1856,1807,299,333,327,1873,1846,337,607,584,1818,337,729,1789
G55531,550,347,579,370,1918,291,2010,417,586,598,622,602,1922,336,508,1937,624,1963,1966,701,1973,696,375,605,469,390,408,1968,807,492,1973,537,1962,635,330,453,1982,623,745,1894,329,1947,394,502,1991,609,583,684,562,613,337,457,1976,327,390,642,629,1947,327,350,563,679,2082,1970,2110,448,680,2121,289,2007,562,293,549,441,280,410,304,454,2027,1970,710,650,1944,1944,557,1978,1971,381,598,578,295,2082,2026,505,1966,454,1997,299,523,553,2044,677,1934,1972,701,1954,2052,528,410,0,1979,1955,288,370,1943,285,443,1940,2017,447,1948,402,1902,1935,412,327,1950,640,1940,1942,1905,299,287,287,1953,1952,349,539,594,1932,325,887,1899
G55533,1853,1834,1838,1865,1087,1848,1161,1916,1865,1813,1797,1813,1083,1809,1847,134,1809,156,1171,1902,270,1689,1884,1866,1992,1811,1955,323,1818,1903,1262,1866,1109,1766,1823,1948,343,1804,1848,1061,1846,314,1823,1945,1140,1838,1794,1903,1831,1822,1810,1940,557,1864,1871,1747,1770,1248,1844,1847,1792,1922,1413,185,1415,1871,1901,1434,1866,1302,1909,1836,1834,1946,1859,1959,1819,1861,312,255,1891,1847,143,127,1808,163,1272,1874,1863,1865,1848,1377,1193,1844,385,1847,1286,1824,1824,1834,1347,1884,271,265,1894,159,1367,1857,1889,1979,0,150,1861,1927,134,1860,1864,171,256,1844,293,1915,1073,1092,1959,1862,159,1513,145,135,1194,1856,1850,1838,1242,143,1836,1836,1827,1197,1840,1738,1072
G55534,1819,1792,1792,1825,1047,1802,1155,1882,1839,1775,1755,1783,1075,1779,1827,118,1767,78,1137,1874,226,1655,1864,1826,1964,1775,1919,285,1788,1865,1226,1834,1099,1734,1801,1918,293,1766,1814,1047,1822,262,1791,1905,1134,1796,1762,1879,1793,1780,1772,1906,505,1826,1847,1713,1738,1212,1802,1803,1756,1890,1373,111,1375,1835,1865,1408,1834,1274,1883,1812,1804,1906,1829,1921,1791,1827,268,225,1851,1813,59,85,1782,115,1240,1832,1829,1839,1812,1351,1189,1810,351,1815,1254,1794,1792,1806,1325,1840,229,225,1862,81,1343,1825,1851,1955,150,0,1829,1903,98,1830,1826,133,204,1812,251,1875,1033,1056,1933,1830,131,1477,69,113,1160,1822,1820,1808,1222,77,1812,1810,1799,1155,1812,1706,1036
G55535,466,201,441,222,1816,209,1918,337,474,466,482,466,1828,196,434,1819,474,1833,1888,605,1871,624,287,495,379,250,328,1874,711,390,1861,443,1864,563,224,361,1876,471,663,1788,209,1859,268,398,1897,461,503,594,492,475,187,347,1860,209,296,566,543,1847,195,238,479,605,1990,1846,1996,382,588,2001,135,1923,468,163,425,323,176,320,158,376,1931,1884,624,590,1810,1816,427,1850,1861,307,558,448,167,1974,1948,423,1870,414,1909,147,397,409,1938,601,1816,1892,639,1836,1938,462,320,288,1861,1829,0,260,1825,151,387,1812,1911,395,1828,330,1798,1827,336,177,1836,506,1816,1822,1795,161,133,141,1837,1824,221,421,486,1800,219,811,1797
G55536,510,269,579,368,1882,321,1976,381,578,530,562,530,1894,260,468,1893,558,1909,1944,635,1935,662,331,611,459,328,372,1938,767,434,1927,493,1932,601,286,411,1944,547,699,1860,335,1923,342,446,1963,591,539,642,534,555,275,389,1940,305,346,610,583,1911,271,298,529,635,2056,1926,2066,434,634,2063,273,1983,586,269,531,401,280,376,240,404,1989,1946,668,618,1886,1896,503,1922,1929,391,568,578,237,2038,2008,467,1932,428,1963,251,531,525,2000,623,1886,1954,683,1916,2008,492,372,370,1927,1903,260,0,1901,277,421,1886,1977,399,1900,400,1866,1891,376,321,1908,576,1896,1892,1855,275,277,275,1909,1898,277,539,534,1874,277,851,1867
G55537,1819,1802,1798,1833,1041,1810,1165,1886,1827,1779,1767,1783,1067,1781,1821,100,1773,112,1137,1876,234,1659,1858,1830,1960,1781,1927,291,1788,1873,1230,1842,1099,1736,1803,1916,307,1776,1822,1047,1816,278,1791,1917,1136,1804,1762,1883,1805,1786,1774,1914,505,1828,1839,1719,1744,1212,1806,1817,1764,1886,1381,117,1381,1835,1877,1392,1832,1268,1877,1802,1802,1912,1823,1925,1785,1835,274,227,1861,1817,97,73,1776,97,1232,1842,1843,1827,1802,1341,1187,1818,361,1815,1258,1798,1794,1796,1309,1844,225,227,1862,97,1333,1839,1853,1943,134,98,1825,1901,0,1824,1830,111,210,1812,231,1887,1029,1052,1925,1828,111,1469,87,91,1154,1822,1814,1800,1196,93,1800,1798,1797,1165,1798,1708,1034
G55538,493,214,454,239,1813,218,1921,348,485,483,499,489,1825,207,467,1818,497,1832,1887,624,1876,607,306,500,398,269,331,1885,722,367,1866,456,1861,536,225,380,1885,480,648,1789,244,1866,285,417,1902,478,520,611,501,486,192,364,1863,210,311,545,554,1842,210,231,510,620,1987,1853,1983,397,579,1988,144,1920,499,160,422,350,161,335,167,383,1938,1889,629,597,1815,1817,444,1855,1864,312,543,455,130,1965,1951,416,1877,419,1906,156,406,420,1919,612,1809,1895,670,1835,1929,467,315,285,1860,1830,151,277,1824,0,382,1817,1918,384,1825,331,1797,1826,343,178,1839,503,1817,1825,1796,132,152,152,1832,1829,246,416,501,1805,238,794,1800
G55539,359,350,634,439,1769,374,1851,372,657,587,603,591,1787,345,343,1818,589,1826,1803,648,1802,505,390,640,500,385,443,1797,686,385,1848,388,1827,440,363,400,1805,602,550,1753,416,1774,389,473,1810,642,404,645,333,604,334,420,1839,386,411,473,434,1820,348,357,392,694,1939,1839,1991,311,633,2010,408,1804,639,380,622,480,417,381,329,327,1878,1789,563,491,1807,1823,584,1859,1858,288,373,667,358,1979,1849,340,1785,281,1812,354,626,628,1939,576,1817,1811,570,1831,1937,287,311,443,1864,1826,387,421,1830,382,0,1815,1874,236,1829,343,1761,1792,457,434,1827,601,1811,1823,1774,390,398,378,1840,1821,394,650,595,1787,378,666,1740
G55540,1812,1779,1787,1810,1042,1801,1150,1879,1818,1768,1762,1774,1058,1768,1806,139,1762,149,1126,1863,259,1648,1845,1817,1951,1768,1900,320,1781,1856,1223,1827,1094,1727,1792,1899,326,1771,1813,1038,1799,261,1782,1906,1121,1793,1753,1864,1780,1771,1763,1901,502,1815,1824,1704,1727,1207,1799,1796,1757,1877,1368,170,1372,1826,1866,1391,1819,1265,1868,1791,1799,1901,1812,1914,1774,1822,247,260,1850,1806,128,116,1767,150,1225,1825,1830,1824,1793,1340,1178,1807,348,1806,1253,1791,1785,1789,1302,1833,222,268,1853,138,1326,1822,1838,1940,171,133,1812,1886,111,1817,1815,0,249,1799,240,1868,1022,1047,1912,1819,148,1458,132,130,1157,1809,1795,1793,1201,136,1791,1797,1784,1154,1793,1705,1029
G55541,1865,1868,1860,1901,1125,1880,1225,1928,1901,1849,1835,1859,1155,1867,1887,214,1837,212,1181,1940,266,1713,1942,1902,2030,1851,1977,329,1832,1917,1306,1892,1173,1784,1891,1962,331,1854,1878,1121,1906,312,1859,1969,1184,1878,1810,1953,1849,1852,1848,1962,601,1898,1929,1767,1786,1302,1868,1875,1816,1964,1425,233,1463,1883,1927,1488,1922,1320,1959,1896,1894,1972,1913,1981,1881,1885,306,267,1913,1871,187,205,1868,241,1326,1890,1889,1919,1900,1439,1237,1870,399,1865,1306,1880,1884,1890,1413,1890,345,253,1908,207,1427,1883,1895,2017,256,204,1911,1977,210,1918,1874,249,0,1862,369,1937,1113,1140,1995,1918,227,1551,201,221,1248,1904,1904,1894,1302,211,1894,1898,1885,1233,1894,1766,1110
G55542,333,352,616,427,1765,382,1841,370,629,569,587,579,1777,321,289,1804,579,1810,1793,646,1782,467,358,618,460,375,445,1785,654,379,1842,444,1813,402,337,406,1793,576,522,1745,386,1762,371,455,1806,624,370,631,341,576,310,388,1825,352,381,445,454,1816,356,357,396,684,1929,1825,1979,297,611,2004,370,1822,617,338,592,460,377,411,335,303,1860,1777,545,479,1793,1809,560,1845,1848,256,347,649,352,1975,1849,290,1781,287,1816,360,602,606,1931,544,1809,1797,574,1811,1923,277,301,447,1844,1812,395,399,1812,384,236,1799,1862,0,1811,321,1741,1784,421,412,1819,569,1793,1811,1770,392,374,350,1836,1809,376,614,581,1779,358,648,1730
G55543,1826,1797,1795,1830,1038,1801,1142,1883,1836,1776,1768,1778,1066,1776,1810,253,1770,259,1130,1871,357,1650,1861,1815,1961,1784,1928,410,1789,1874,1237,1831,1094,1725,1798,1909,414,1781,1807,1042,1813,355,1796,1910,1121,1795,1757,1872,1788,1787,1775,1903,502,1829,1834,1710,1737,1213,1807,1808,1757,1877,1370,280,1372,1836,1874,1393,1835,1281,1874,1805,1803,1919,1822,1922,1782,1832,379,366,1862,1810,240,232,1777,272,1223,1833,1828,1828,1813,1336,1184,1817,360,1814,1263,1795,1789,1793,1302,1843,232,370,1867,258,1324,1832,1854,1948,293,251,1828,1900,231,1825,1829,240,369,1811,0,1876,1026,1041,1928,1823,266,1482,232,248,1161,1815,1811,1807,1219,246,1809,1805,1796,1176,1805,1709,1025
G55544,438,345,567,364,1842,331,1926,387,582,576,602,588,1858,320,424,1877,592,1875,1884,675,1875,580,363,577,437,378,430,1880,723,412,1897,483,1896,519,340,431,1884,593,627,1822,351,1853,388,468,1905,585,491,662,452,585,329,385,1900,307,416,548,523,1881,335,350,459,685,2006,1890,2042,364,636,2067,287,1907,582,265,535,411,316,402,336,362,1933,1874,624,560,1850,1872,569,1906,1915,239,478,598,337,2038,1944,373,1872,348,1883,337,549,555,1996,571,1872,1888,619,1886,1988,414,352,402,1915,1875,330,400,1887,331,343,1868,1937,321,1876,0,1828,1851,384,337,1892,606,1862,1878,1823,323,305,277,1895,1870,365,569,608,1840,341,779,1821
G55545,1724,1743,1749,1784,632,1755,748,1813,1798,1734,1718,1746,658,1738,1742,1021,1714,1035,744,1859,1045,1538,1825,1777,1921,1736,1882,988,1671,1826,1189,1759,686,1577,1778,1857,982,1743,1715,624,1785,995,1742,1874,645,1751,1649,1840,1668,1743,1735,1863,1022,1787,1800,1562,1597,1161,1757,1778,1649,1847,1358,1036,1324,1776,1824,1343,1805,1219,1838,1785,1777,1861,1790,1882,1754,1782,1113,1056,1802,1766,1014,1028,1745,1070,1201,1789,1722,1792,1781,1322,746,1761,1046,1754,1209,1771,1767,1771,1270,1805,1016,1064,1811,1024,1286,1750,1798,1902,1073,1033,1798,1866,1029,1797,1761,1022,1113,1741,1026,1828,0,681,1904,1801,1042,1434,1010,1024,1107,1777,1777,1779,1179,1028,1777,1775,1766,1116,1769,1539,365
G55546,1795,1778,1780,1817,697,1780,819,1846,1823,1755,1745,1769,719,1765,1795,1046,1745,1058,199,1864,1084,1599,1846,1800,1950,1765,1913,1065,1742,1859,1220,1802,767,1666,1799,1888,1061,1762,1770,699,1802,1066,1773,1895,790,1778,1704,1863,1747,1774,1764,1890,1053,1816,1829,1653,1674,1194,1790,1801,1698,1872,1365,1075,1341,1811,1849,1368,1832,1246,1861,1804,1800,1894,1817,1903,1783,1813,1132,1091,1829,1783,1039,1051,1764,1081,1214,1816,1789,1825,1812,1339,851,1790,1077,1781,1232,1784,1784,1796,1289,1824,1031,1103,1834,1057,1301,1811,1835,1935,1092,1056,1827,1891,1052,1826,1792,1047,1140,1784,1041,1851,681,0,1923,1822,1067,1469,1041,1049,1140,1812,1812,1810,1208,1043,1808,1802,1787,1137,1796,1632,688
G55547,520,331,613,386,1912,377,2004,403,612,568,602,572,1914,286,476,1919,608,1935,1960,651,1953,690,347,641,491,360,410,1960,781,440,1961,521,1958,603,312,437,1962,593,741,1886,367,1939,366,452,1989,629,549,666,554,581,305,411,1958,337,392,626,603,1941,319,344,537,671,2066,1956,2096,422,662,2097,295,2003,610,309,571,459,314,392,306,438,2011,1966,702,656,1914,1916,553,1952,1957,395,600,622,297,2062,2030,469,1956,440,1991,295,559,577,2026,645,1918,1972,699,1934,2038,538,392,412,1959,1933,336,376,1925,343,457,1912,1995,421,1928,384,1904,1923,0,355,1934,612,1918,1926,1893,341,299,321,1947,1928,329,597,570,1904,299,881,1903
G55548,501,238,420,197,1813,234,1917,372,453,451,461,459,1825,213,465,1818,459,1836,1893,594,1870,615,314,458,356,237,357,1877,702,409,1864,484,1863,568,245,396,1879,446,652,1789,210,1864,261,367,1902,432,530,579,523,454,206,348,1849,200,297,559,580,1838,230,249,508,602,1977,1857,1987,409,563,2000,140,1922,479,164,398,322,171,363,191,285,1928,1883,621,589,1819,1817,426,1857,1860,310,563,423,178,1963,1947,402,1877,403,1904,174,388,396,1923,596,1807,1901,644,1833,1923,507,369,327,1862,1830,177,321,1828,178,434,1819,1918,412,1823,337,1801,1822,355,0,1839,503,1817,1827,1792,182,154,150,1836,1825,216,390,473,1805,210,796,1802
G55549,1832,1807,1809,1840,1058,1819,1166,1897,1842,1790,1776,1794,1082,1790,1828,121,1782,151,1146,1877,237,1668,1869,1837,1967,1792,1922,300,1795,1878,1251,1839,1112,1739,1806,1919,312,1783,1833,1060,1829,285,1806,1926,1143,1815,1769,1884,1804,1797,1779,1915,526,1835,1848,1726,1743,1233,1815,1816,1767,1893,1388,158,1394,1842,1886,1401,1841,1279,1882,1813,1813,1923,1834,1934,1794,1838,281,232,1872,1826,120,112,1793,146,1243,1843,1842,1844,1821,1346,1190,1823,368,1820,1277,1803,1805,1809,1320,1851,230,242,1875,130,1338,1836,1856,1950,159,131,1836,1908,111,1839,1827,148,227,1819,266,1892,1042,1067,1934,1839,0,1488,130,114,1173,1831,1823,1811,1231,134,1815,1815,1806,1180,1809,1713,1051
G55550,660,463,619,502,1456,495,1562,599,674,602,614,616,1482,446,630,1463,602,1481,1536,763,1511,636,537,669,659,452,620,1510,755,578,1529,659,1502,647,504,621,1510,615,751,1436,513,1507,462,612,1547,633,649,742,684,619,453,601,1492,515,530,632,685,1515,473,494,625,755,1680,1492,1672,584,702,1695,505,1595,692,505,639,577,508,604,462,572,1569,1532,740,696,1458,1464,617,1498,1541,569,698,670,475,1668,1596,561,1518,568,1575,475,619,631,1620,729,1470,1534,757,1470,1634,654,580,640,1513,1477,506,576,1469,503,601,1458,1551,569,1482,606,1434,1469,612,503,1488,0,1460,1474,1463,489,491,479,1523,1468,485,647,640,1462,479,791,1437
G55551,1802,1779,1775,1812,1022,1787,1138,1861,1822,1758,1744,1766,1054,1770,1814,101,1748,81,1112,1865,209,1638,1853,1809,1953,1760,1898,270,1769,1846,1211,1821,1080,1715,1790,1887,274,1757,1797,1024,1811,253,1772,1894,1111,1781,1743,1868,1782,1765,1759,1891,486,1811,1828,1692,1721,1191,1781,1784,1747,1877,1348,102,1364,1816,1852,1391,1825,1255,1876,1801,1797,1891,1814,1908,1786,1814,267,210,1842,1794,64,76,1769,124,1225,1819,1824,1820,1801,1334,1166,1799,342,1800,1241,1785,1785,1787,1300,1821,222,214,1843,68,1320,1816,1832,1940,145,69,1816,1896,87,1817,1811,132,201,1793,232,1862,1010,1041,1918,1817,130,1460,0,110,1147,1801,1801,1797,1201,84,1795,1797,1782,1140,1799,1691,1013
G55552,1820,1803,1803,1838,1036,1809,1156,1881,1838,1782,1774,1782,1062,1776,1816,101,1774,137,1130,1879,233,1656,1853,1831,1961,1778,1928,286,1793,1874,1219,1845,1092,1729,1792,1911,304,1779,1819,1042,1815,273,1796,1922,1127,1807,1765,1882,1798,1791,1777,1913,530,1829,1830,1718,1739,1211,1807,1820,1759,1885,1392,88,1380,1832,1876,1393,1827,1257,1870,1795,1809,1909,1822,1926,1782,1832,265,224,1860,1816,98,98,1775,136,1237,1843,1832,1834,1809,1350,1180,1811,362,1812,1253,1797,1791,1799,1314,1849,232,226,1861,116,1326,1834,1856,1942,135,113,1822,1892,91,1825,1823,130,221,1811,248,1878,1024,1049,1926,1827,114,1474,110,0,1145,1819,1809,1799,1189,112,1799,1805,1790,1168,1793,1707,1031
G55553,1787,1744,1756,1787,1137,1754,1241,1826,1793,1729,1721,1739,1157,1731,1785,1172,1719,1160,1207,1842,1200,1607,1828,1770,1918,1737,1889,1197,1764,1813,322,1792,1189,1688,1777,1848,1197,1730,1762,1123,1780,1180,1741,1869,1214,1748,1708,1843,1761,1746,1736,1858,1167,1780,1801,1675,1700,394,1768,1759,1696,1848,1335,1153,1315,1781,1819,1350,1796,528,1839,1782,1774,1856,1787,1867,1755,1789,1242,1203,1807,1773,1145,1153,1754,1187,1196,1800,1793,1801,1788,1317,1271,1766,1199,1761,516,1758,1768,1774,1269,1804,1157,1213,1814,1161,1273,1801,1807,1905,1194,1160,1795,1855,1154,1796,1774,1157,1248,1770,1161,1823,1107,1140,1893,1792,1173,1463,1147,1145,0,1772,1786,1778,424,1157,1776,1782,1763,875,1768,1666,1112
G55554,481,190,446,203,1795,198,1899,336,487,459,483,473,1803,197,441,1810,485,1826,1869,628,1848,593,318,484,388,239,321,1855,698,361,1838,430,1823,520,251,330,1863,458,646,1771,246,1848,263,397,1882,442,502,603,489,452,200,340,1819,186,305,537,538,1796,174,205,486,618,1961,1815,1967,389,587,1984,144,1902,517,178,432,320,173,339,189,375,1918,1873,639,603,1801,1805,448,1833,1846,306,547,461,176,1955,1927,410,1855,407,1892,160,430,432,1909,608,1803,1873,666,1801,1917,465,299,299,1856,1822,161,275,1822,132,390,1809,1904,392,1815,323,1777,1812,341,182,1831,489,1801,1819,1772,0,162,172,1830,1819,242,440,493,1781,240,778,1782
G55555,457,204,426,197,1795,212,1901,348,459,443,469,453,1811,153,421,1802,463,1824,1873,596,1856,621,254,470,376,243,323,1863,698,367,1848,454,1845,538,193,368,1863,460,656,1773,216,1848,261,373,1886,446,498,575,487,462,172,332,1843,180,275,551,546,1830,206,233,480,582,1967,1839,1975,367,567,1990,110,1912,461,130,416,306,117,337,163,365,1916,1879,625,577,1799,1801,420,1843,1854,280,537,417,162,1949,1931,404,1863,391,1894,160,378,398,1913,582,1797,1883,632,1819,1915,481,333,287,1850,1820,133,277,1814,152,398,1795,1904,374,1811,305,1777,1812,299,154,1823,491,1801,1809,1786,162,0,134,1820,1813,216,384,461,1783,206,804,1786
G55556,463,230,438,227,1791,226,1901,342,465,465,479,465,1809,187,425,1794,477,1814,1873,602,1854,589,272,470,350,253,327,1855,692,377,1844,450,1841,512,217,384,1857,478,638,1767,210,1844,273,375,1882,462,492,585,475,466,192,320,1841,190,291,535,526,1826,214,239,468,590,1969,1825,1975,367,569,1984,120,1896,461,128,414,316,145,337,167,331,1912,1867,601,555,1791,1795,422,1831,1842,260,515,435,156,1941,1925,386,1857,379,1886,166,388,400,1901,578,1793,1875,642,1817,1911,441,327,287,1838,1808,141,275,1800,152,378,1793,1894,350,1807,277,1779,1810,321,150,1811,479,1797,1799,1778,172,134,0,1820,1803,200,394,471,1791,196,780,1780
G55557,1855,1814,1802,1851,1197,1820,1305,1890,1841,1785,1783,1795,1205,1787,1841,1202,1771,1226,1281,1904,1274,1677,1876,1830,1978,1791,1947,1255,1824,1891,504,1874,1253,1762,1821,1922,1255,1794,1838,1181,1836,1246,1795,1935,1278,1808,1790,1885,1835,1796,1782,1926,1247,1840,1847,1741,1766,320,1818,1829,1786,1902,1397,1225,1383,1851,1881,1390,1842,270,1885,1816,1816,1918,1835,1937,1797,1855,1310,1265,1869,1839,1211,1207,1788,1245,1224,1868,1865,1839,1826,1353,1329,1830,1271,1833,252,1808,1808,1808,1293,1868,1215,1267,1874,1227,1319,1873,1873,1953,1242,1222,1837,1909,1196,1832,1840,1201,1302,1836,1219,1895,1179,1208,1947,1836,1231,1523,1201,1189,424,1830,1820,1820,0,1213,1814,1814,1803,941,1810,1730,1182
G55558,1812,1787,1789,1820,1040,1795,1150,1879,1836,1772,1756,1780,1068,1774,1822,121,1762,97,1132,1867,229,1654,1853,1821,1957,1772,1918,288,1783,1862,1229,1831,1090,1727,1798,1911,302,1767,1815,1042,1817,275,1786,1900,1133,1791,1757,1876,1788,1779,1767,1903,510,1819,1842,1710,1735,1209,1797,1798,1751,1893,1378,118,1376,1832,1864,1403,1831,1267,1878,1805,1799,1899,1824,1914,1788,1822,273,230,1850,1812,74,84,1781,118,1237,1827,1826,1832,1813,1346,1182,1807,358,1810,1251,1793,1791,1801,1320,1839,220,232,1859,96,1334,1820,1846,1952,143,77,1824,1898,93,1829,1821,136,211,1809,246,1870,1028,1043,1928,1825,134,1468,84,112,1157,1819,1813,1803,1213,0,1805,1807,1798,1160,1809,1703,1033
G55559,463,242,482,271,1789,288,1899,340,473,447,465,439,1805,207,429,1794,459,1816,1865,572,1856,579,272,514,396,231,345,1853,680,401,1840,456,1839,554,229,390,1859,456,632,1767,236,1842,247,365,1884,490,482,551,501,454,206,340,1841,252,261,529,544,1818,226,273,478,576,1969,1831,1975,371,551,1976,208,1896,523,204,450,332,231,343,195,325,1910,1859,585,553,1799,1799,420,1837,1842,342,531,481,196,1945,1925,386,1847,361,1884,190,446,428,1907,552,1797,1865,600,1813,1915,473,337,349,1836,1812,221,277,1800,246,394,1791,1894,376,1809,365,1777,1808,329,216,1815,485,1795,1799,1776,242,216,200,1814,1805,0,462,433,1787,174,768,1776
G55560,723,490,346,441,1793,456,1901,614,351,371,191,385,1797,451,693,1798,391,1818,1869,530,1854,597,548,376,604,471,591,1857,606,643,1842,710,1835,782,487,634,1863,392,584,1771,440,1850,479,621,1880,360,740,475,741,374,450,610,1819,458,519,765,786,1818,480,485,722,504,1965,1831,1963,641,493,1978,392,1900,471,408,288,546,379,623,439,587,1916,1867,541,579,1799,1795,312,1827,1842,538,775,329,416,1933,1925,620,1863,631,1884,442,388,308,1903,520,1793,1875,566,1809,1909,709,607,539,1836,1810,421,539,1798,416,650,1797,1898,614,1805,569,1775,1802,597,390,1815,647,1797,1805,1782,440,384,394,1814,1807,462,0,367,1783,470,572,1774
G55561,694,465,407,500,1764,493,1876,587,406,354,342,356,1778,420,638,1783,370,1805,1840,497,1833,544,507,427,615,444,588,1830,591,626,1821,657,1816,749,462,601,1838,369,549,1754,473,1815,452,582,1857,389,685,436,706,351,433,583,1808,485,476,728,721,1787,471,488,663,489,1946,1814,1946,586,464,1949,481,1875,530,459,363,557,476,570,420,538,1891,1844,484,562,1790,1786,183,1824,1819,561,724,408,455,1916,1894,599,1828,572,1865,447,475,373,1878,485,1774,1854,503,1792,1888,662,584,594,1827,1799,486,534,1797,501,595,1784,1885,581,1796,608,1766,1787,570,473,1806,640,1782,1790,1763,493,461,471,1803,1798,433,367,0,1768,429,659,1757
G55563,1792,1743,1751,1794,1132,1773,1238,1847,1796,1722,1726,1748,1148,1746,1806,1157,1722,1151,1212,1861,1191,1622,1841,1797,1943,1742,1894,1190,1747,1830,963,1815,1186,1693,1792,1873,1182,1741,1783,1118,1797,1185,1746,1884,1207,1757,1719,1852,1762,1741,1733,1871,1168,1789,1816,1668,1703,933,1769,1766,1725,1871,1336,1182,1340,1808,1828,1367,1801,1005,1852,1791,1771,1867,1802,1896,1762,1802,1253,1214,1812,1782,1140,1150,1743,1190,1201,1805,1816,1810,1785,1328,1260,1797,1196,1778,987,1761,1765,1771,1286,1813,1156,1214,1825,1156,1298,1810,1818,1932,1197,1155,1800,1874,1165,1805,1787,1154,1233,1779,1176,1840,1116,1137,1904,1805,1180,1462,1140,1168,875,1781,1783,1791,941,1160,1787,1783,1768,0,1789,1671,1115
G55565,453,232,470,235,1773,260,1887,314,483,447,465,439,1793,191,411,1796,467,1818,1853,554,1848,567,272,504,340,235,333,1843,678,375,1836,442,1831,528,205,368,1855,460,622,1761,240,1824,239,353,1868,498,478,553,479,456,194,330,1841,246,231,523,530,1810,208,255,456,550,1959,1821,1971,343,553,1968,202,1884,481,202,438,350,229,315,187,327,1896,1847,593,553,1801,1799,410,1835,1838,326,505,483,182,1933,1907,370,1841,303,1874,194,438,440,1901,548,1791,1853,582,1817,1903,467,337,325,1840,1812,219,277,1798,238,378,1793,1894,358,1805,341,1769,1796,299,210,1809,479,1799,1793,1768,240,206,196,1810,1809,174,470,429,1789,0,754,1768
G55566,641,764,712,799,1609,770,1695,754,709,665,517,677,1633,753,655,1706,667,1704,1647,732,1668,435,790,702,866,747,867,1593,532,747,1740,676,1669,502,773,816,1597,676,564,1609,766,1612,747,837,1578,706,556,717,523,668,736,810,1707,772,793,493,556,1706,754,763,566,774,1835,1719,1871,697,721,1894,804,1726,819,768,676,856,797,847,749,735,1770,1669,683,677,1693,1703,644,1737,1748,738,571,741,780,1865,1683,704,1661,693,1716,774,774,694,1827,676,1699,1695,690,1705,1825,649,729,887,1738,1706,811,851,1708,794,666,1705,1766,648,1709,779,1539,1632,881,796,1713,791,1691,1707,1666,778,804,780,1730,1703,768,572,659,1671,754,0,1472
reference,1695,1744,1742,1785,639,1752,749,1794,1787,1723,1709,1733,669,1743,1709,1024,1707,1038,739,1836,1040,1499,1830,1764,1924,1731,1883,953,1638,1817,1174,1730,691,1530,1779,1852,947,1738,1692,631,1786,970,1735,1865,582,1746,1608,1833,1623,1736,1730,1858,1015,1782,1803,1513,1534,1156,1752,1769,1612,1834,1337,1045,1315,1759,1817,1346,1808,1202,1831,1790,1774,1862,1793,1875,1757,1775,1108,1039,1785,1741,1015,1031,1738,1073,1202,1784,1683,1789,1788,1325,735,1750,1029,1741,1196,1768,1764,1764,1275,1786,1027,1051,1790,1031,1285,1723,1789,1899,1072,1036,1797,1867,1034,1800,1740,1029,1110,1730,1025,1821,365,688,1903,1802,1051,1437,1013,1031,1112,1782,1786,1780,1182,1033,1776,1774,1757,1115,1768,1472,0